Тип;Время;Наносекунды;Широта;Долгота;Пик;Высота;Количество сенсоров
Облако-облако;2023-08-06 09:30:36;300608419;41.29009;43.67264;-13432;19962;12
Облако-земля;2023-08-06 10:22:28;186798825;41.15797;41.43031;-11549;0;11
Облако-облако;2023-08-06 10:26:21;400438774;41.22543;41.5082499;7673;14205;7
Облако-облако;2023-08-06 10:26:21;400931395;41.19431;41.3915099;-8016;16634;10
Облако-облако;2023-08-06 10:29:29;273684921;41.1903;41.38379;7590;15242;9
Облако-облако;2023-08-06 10:31:15;350354423;41.04274;42.75877;-14699;16933;11
Облако-облако;2023-08-06 10:31:34;110210152;41.22347;43.4865;-7475;11774;12
Облако-земля;2023-08-06 10:34:24;64476631;41.22838;43.4760599;-3835;0;8
Облако-облако;2023-08-06 10:34:48;203320535;41.00068;42.7072999;-6272;12538;10
Облако-облако;2023-08-06 10:44:22;557508280;41.03545;42.77227;-8432;3003;8
Облако-облако;2023-08-06 10:46:34;363660662;41.05769;42.54689;-4168;15115;7
Облако-облако;2023-08-06 10:46:41;219598336;41.05998;42.45586;5842;19540;7
Облако-облако;2023-08-06 10:46:41;197264440;41.11944;42.59388;-3224;3656;9
Облако-облако;2023-08-06 10:49:03;779053590;41.00625;42.78289;-5586;3122;11
Облако-облако;2023-08-06 10:50:02;395066873;41.1729399;42.37909;-4699;10038;12
Облако-облако;2023-08-06 10:53:10;293151514;41.08841;42.4698;4482;14971;11
Облако-облако;2023-08-06 10:57:32;195371535;41.05716;42.7611;-6218;16004;11
Облако-облако;2023-08-06 11:00:09;507428180;41.08114;42.7582;-9747;7256;7
Облако-облако;2023-08-06 11:00:09;488293295;41.05748;42.58529;5707;4902;7
Облако-облако;2023-08-06 11:04:27;606500246;41.08914;42.75744;-8841;4408;14
Облако-земля;2023-08-06 11:04:28;113638736;41.05339;42.60373;-5616;0;9
Облако-облако;2023-08-06 11:06:08;924155991;41.00972;42.68469;-19895;3529;13
Облако-облако;2023-08-06 11:19:55;392579431;41.13009;42.73623;-4979;3034;7
Облако-облако;2023-08-06 11:19:55;376133705;41.09247;42.62301;5371;7305;7
Облако-облако;2023-08-06 11:20:01;983450485;41.22044;42.44994;-5422;11992;8
Облако-облако;2023-08-06 11:20:49;545946207;41.05286;42.64435;-5220;7256;8
Облако-облако;2023-08-06 11:23:49;698325963;41.24441;42.43976;-3414;11804;8
Облако-облако;2023-08-06 11:24:45;833313571;41.2087999;42.43815;-5948;17331;13
Облако-облако;2023-08-06 11:25:41;884187384;41.1471;42.72872;-7682;3002;9
Облако-облако;2023-08-06 11:25:54;798842699;41.24582;42.44195;-7303;11509;10
Облако-облако;2023-08-06 11:27:37;948633068;41.1255;42.62928;12357;17571;14
Облако-облако;2023-08-06 11:27:37;971278205;41.22159;42.5253;-6082;16612;10
Облако-облако;2023-08-06 11:27:37;975615958;41.17474;42.75283;-7050;5883;7
Облако-облако;2023-08-06 11:28:02;500486950;41.24806;42.44099;-2806;18609;6
Облако-облако;2023-08-06 11:30:13;652194728;41.25901;42.4555999;-6077;4037;10
Облако-облако;2023-08-06 11:30:43;916713641;41.18011;42.39331;-3868;16540;5
Облако-облако;2023-08-06 11:34:16;613324630;41.21074;42.57889;-5951;12583;11
Облако-земля;2023-08-06 11:36:58;467275781;41.21602;42.40646;-10180;0;16
Облако-земля;2023-08-06 11:41:07;772861168;41.20674;42.4236;-8484;0;15
Облако-земля;2023-08-06 11:42:22;863511111;41.19975;42.67281;-14976;0;15
Облако-облако;2023-08-06 11:42:32;396192449;41.21012;42.43265;-6952;15044;12
Облако-облако;2023-08-06 11:42:32;408521518;41.2583399;42.54499;-11814;4505;13
Облако-земля;2023-08-06 11:44:12;567060890;41.21575;42.45231;-15806;0;15
Облако-облако;2023-08-06 11:45:20;801666096;41.31594;42.65548;-10696;3624;15
Облако-земля;2023-08-06 11:45:21;120130243;41.28485;42.46155;-7718;0;8
Облако-земля;2023-08-06 11:47:24;690680838;41.25653;42.45952;-13250;0;13
Облако-облако;2023-08-06 11:48:36;331839729;41.28679;42.48926;3964;17715;7
Облако-облако;2023-08-06 11:49:06;467740302;41.27358;43.90037;-4098;11880;7
Облако-облако;2023-08-06 11:50:17;209058966;41.26502;43.88905;-3819;18732;6
Облако-облако;2023-08-06 11:51:30;46579171;41.01612;42.8984499;-6621;4505;9
Облако-земля;2023-08-06 11:54:44;463867344;41.1837;43.9469;13546;0;16
Облако-земля;2023-08-06 11:54:44;447093387;41.05609;44.01419;-8770;0;9
Облако-облако;2023-08-06 11:57:52;267874639;41.23412;42.71507;-8071;17088;12
Облако-облако;2023-08-06 12:02:45;120822650;41.31228;42.63165;3618;12201;7
Облако-облако;2023-08-06 12:02:45;93480345;41.33851;42.77166;-14871;3830;8
Облако-облако;2023-08-06 12:03:42;322935068;41.39665;42.79942;-5032;3383;10
Облако-земля;2023-08-06 12:05:30;394820603;41.25335;42.69446;-3579;0;8
Облако-облако;2023-08-06 12:06:51;891390530;41.00594;42.79693;-7633;3094;7
Облако-облако;2023-08-06 12:08:09;675126964;41.39428;42.69415;-9542;5432;10
Облако-земля;2023-08-06 12:08:34;947060206;41.04117;42.7795;-4056;0;7
Облако-облако;2023-08-06 12:10:03;888566579;41.39116;42.69924;-10507;4335;10
Облако-земля;2023-08-06 12:10:11;750209060;41.02459;42.78654;-12151;0;15
Облако-облако;2023-08-06 12:10:38;844167844;41.45167;42.74951;-6026;5382;10
Облако-земля;2023-08-06 12:11:34;676740494;41.04398;42.77334;-13333;0;15
Облако-земля;2023-08-06 12:12:55;86476622;41.00639;42.7704;-10049;0;14
Облако-облако;2023-08-06 12:12:55;53686297;41.07694;42.86781;-4268;3253;15
Облако-земля;2023-08-06 12:13:02;981317891;41.3524699;42.54833;-9281;0;13
Облако-земля;2023-08-06 12:13:37;146071661;41.29445;42.6502;-3984;0;6
Облако-облако;2023-08-06 12:13:37;107795201;41.32024;42.79932;-17920;7236;12
Облако-облако;2023-08-06 12:13:37;93941330;41.46003;42.98245;-7336;3000;7
Облако-облако;2023-08-06 12:13:52;200269103;41.4286699;42.59423;-6558;9052;12
Облако-облако;2023-08-06 12:14:58;125957955;41.45895;42.69739;-32447;7504;9
Облако-облако;2023-08-06 12:14:58;180865258;41.61119;42.59715;-8837;18064;7
Облако-облако;2023-08-06 12:15:34;363696104;41.05732;42.89336;6522;19379;10
Облако-облако;2023-08-06 12:17:38;584017517;41.50855;42.65496;-5955;17281;7
Облако-земля;2023-08-06 12:18:15;849643215;41.35126;42.56731;-4499;0;10
Облако-облако;2023-08-06 12:18:15;847599938;41.51213;42.49218;-5064;10636;13
Облако-облако;2023-08-06 12:19:11;686026498;41.45485;42.74039;-6927;3495;8
Облако-облако;2023-08-06 12:19:11;700605107;41.40874;42.59077;-3142;14655;7
Облако-земля;2023-08-06 12:19:54;864613777;41.27694;42.73877;-11888;0;15
Облако-облако;2023-08-06 12:19:54;670549909;41.32232;42.87142;-10497;16983;11
Облако-земля;2023-08-06 12:20:04;244817891;41.4204099;42.61541;-4160;0;8
Облако-облако;2023-08-06 12:20:30;57325367;41.13788;43.00068;-3958;11792;7
Облако-облако;2023-08-06 12:22:03;623562601;43.63351;42.2573;4130;5686;7
Облако-облако;2023-08-06 12:22:49;461836107;41.32934;42.7119;-4302;7361;10
Облако-облако;2023-08-06 12:22:49;475033601;41.38007;42.94447;-8472;3020;11
Облако-облако;2023-08-06 12:22:54;573717418;43.59655;42.24262;3993;5781;9
Облако-облако;2023-08-06 12:23:03;447038985;41.45048;42.54038;3381;17139;7
Облако-облако;2023-08-06 12:23:26;232707105;43.60725;42.2415499;5394;3000;9
Облако-облако;2023-08-06 12:23:31;80130310;41.42293;42.54251;-2665;8026;5
Облако-земля;2023-08-06 12:24:04;787172498;43.60701;42.24527;-4333;0;7
Облако-облако;2023-08-06 12:24:04;789964072;43.68541;42.31976;-5279;7368;10
Облако-облако;2023-08-06 12:24:31;989954977;41.41547;42.62025;3574;9472;7
Облако-облако;2023-08-06 12:24:46;526256946;43.6362499;42.25879;1996;9510;5
Облако-облако;2023-08-06 12:25:15;835116204;41.3930999;42.62459;-3697;3363;6
Облако-облако;2023-08-06 12:25:39;74840939;41.41143;42.6167;-4684;12576;7
Облако-облако;2023-08-06 12:25:41;356481869;43.6006799;42.23445;-2513;3177;7
Облако-облако;2023-08-06 12:25:41;578906190;43.68283;42.29036;-4635;5535;8
Облако-облако;2023-08-06 12:26:07;415586521;41.1144;43.14678;-12920;12869;12
Облако-облако;2023-08-06 12:26:07;245097808;43.63105;42.24054;-1795;7468;5
Облако-облако;2023-08-06 12:26:30;689447441;41.41323;42.5896199;7717;4966;15
Облако-облако;2023-08-06 12:27:04;393566271;41.40242;42.59025;2905;14251;6
Облако-земля;2023-08-06 12:27:19;136579450;43.71188;42.30204;-5893;0;14
Облако-облако;2023-08-06 12:27:44;976610705;43.63435;42.23762;-1561;9213;5
Облако-облако;2023-08-06 12:27:51;902970977;41.41769;42.6170199;-3097;7345;6
Облако-облако;2023-08-06 12:28:58;976913030;43.62462;42.23909;-5606;3173;8
Облако-облако;2023-08-06 12:28:59;961326448;41.47697;42.78714;-9458;18525;9
Облако-облако;2023-08-06 12:29:20;465753347;41.52899;42.7159;4780;3095;11
Облако-облако;2023-08-06 12:29:43;15854248;43.61203;42.23712;-1531;5826;6
Облако-облако;2023-08-06 12:30:05;169543519;41.49319;42.80363;-7056;3677;14
Облако-облако;2023-08-06 12:30:20;733267906;43.6253699;42.23108;-3391;8296;6
Облако-облако;2023-08-06 12:30:22;741612252;41.10812;43.15034;6574;3001;10
Облако-облако;2023-08-06 12:30:22;574161547;41.14595;43.01856;-2623;14433;6
Облако-облако;2023-08-06 12:30:51;702682588;43.70081;42.27538;-9147;5143;9
Облако-облако;2023-08-06 12:31:35;845473820;43.68912;42.30148;-6013;6385;11
Облако-облако;2023-08-06 12:32:19;224001079;43.62626;42.22779;-1759;6394;5
Облако-земля;2023-08-06 12:33:05;328206174;43.62054;42.25423;-7331;0;7
Облако-земля;2023-08-06 12:34:10;837657880;43.62088;42.2561899;-10251;0;6
Облако-облако;2023-08-06 12:35:17;775144034;41.45211;42.59875;-9804;3011;11
Облако-облако;2023-08-06 12:36:10;72958636;41.47972;42.80257;-5609;4186;9
Облако-земля;2023-08-06 12:36:23;501478757;43.70181;42.16115;-40325;0;17
Облако-земля;2023-08-06 12:37:04;777510390;41.4735299;42.63103;-5888;0;8
Облако-земля;2023-08-06 12:37:49;586217657;41.46976;42.67497;-4221;0;12
Облако-облако;2023-08-06 12:37:57;480636833;41.10643;43.18994;-6156;10612;7
Облако-облако;2023-08-06 12:38:17;40838807;43.64802;42.21287;5260;4076;7
Облако-облако;2023-08-06 12:39:11;55672054;41.48677;42.55793;-4577;9925;9
Облако-облако;2023-08-06 12:39:55;530697601;41.46316;42.65354;-3932;10151;8
Облако-облако;2023-08-06 12:41:46;758632134;41.11597;43.19715;-7386;3819;16
Облако-земля;2023-08-06 12:41:50;974234576;41.47087;42.68586;-3322;0;5
Облако-облако;2023-08-06 12:42:17;576361693;41.4482;42.68389;4932;8745;6
Облако-облако;2023-08-06 12:42:43;859956125;41.4732;42.61131;3899;6582;7
Облако-облако;2023-08-06 12:43:23;847226044;41.44871;42.67268;-2822;12598;5
Облако-облако;2023-08-06 12:43:38;9357689;41.20058;41.46863;6442;6024;16
Облако-земля;2023-08-06 12:43:38;2702279;41.16252;41.34493;-17073;0;13
Облако-облако;2023-08-06 12:44:55;868429413;41.4895799;42.61553;-4626;11501;7
Облако-облако;2023-08-06 12:45:03;555475176;41.45065;42.80337;-5615;7864;10
Облако-облако;2023-08-06 12:45:36;123754286;41.11002;43.17204;-12818;3017;11
Облако-земля;2023-08-06 12:46:53;627864840;41.4764399;42.70621;-5367;0;10
Облако-облако;2023-08-06 12:46:59;134937134;41.37477;42.76954;12731;3069;15
Облако-облако;2023-08-06 12:46:59;140308713;41.41433;42.88279;-4665;5714;7
Облако-облако;2023-08-06 12:48:02;618068575;41.5503799;42.68004;4845;3006;7
Облако-облако;2023-08-06 12:48:12;17660418;41.49825;42.71635;-2925;8691;7
Облако-облако;2023-08-06 12:48:33;303324179;41.47878;42.71392;-3379;11122;7
Облако-облако;2023-08-06 12:48:33;323142158;41.61097;42.69336;5499;4194;7
Облако-облако;2023-08-06 12:49:04;237834404;41.48452;42.68135;-4640;15505;11
Облако-облако;2023-08-06 12:49:07;21952130;41.42002;42.86764;-7739;3633;8
Облако-облако;2023-08-06 12:49:07;22930360;41.45707;42.72354;-3319;10263;7
Облако-облако;2023-08-06 12:49:34;650375224;41.66178;42.71058;-2343;11211;6
Облако-земля;2023-08-06 12:49:35;263807981;41.47452;42.66387;-7905;0;10
Облако-облако;2023-08-06 12:51:37;39996764;41.5119;42.67574;-2881;3200;6
Облако-облако;2023-08-06 12:52:15;369470475;41.5180999;42.98463;-4550;7626;8
Облако-облако;2023-08-06 12:52:15;357018211;41.48213;42.7124;-4153;10608;6
Облако-облако;2023-08-06 12:53:09;799178524;41.1415099;43.30905;7414;7812;10
Облако-облако;2023-08-06 12:53:09;790677078;41.07522;43.11709;-3761;13610;6
Облако-облако;2023-08-06 12:53:57;763136921;41.47596;42.72805;-4835;11041;9
Облако-облако;2023-08-06 12:56:40;525653189;41.4941699;42.70853;-2495;10063;6
Облако-облако;2023-08-06 12:57:25;520824288;41.5097499;42.7111;3604;7414;9
Облако-облако;2023-08-06 12:58:32;442300363;41.50686;42.88505;6161;12702;7
Облако-облако;2023-08-06 12:59:37;198777024;41.54979;42.77062;-3917;10315;7
Облако-облако;2023-08-06 13:01:07;853642145;43.58544;42.15354;-3081;3102;7
Облако-облако;2023-08-06 13:01:26;581080388;41.5451;42.85504;-9362;6083;9
Облако-облако;2023-08-06 13:02:26;156035005;41.56515;42.78904;-4341;3301;10
Облако-облако;2023-08-06 13:02:39;345556584;41.43719;42.91433;-4592;9576;7
Облако-облако;2023-08-06 13:03:00;621758729;41.46294;42.93945;-3016;5135;6
Облако-облако;2023-08-06 13:03:48;464516518;41.51312;42.6999799;-3373;4840;6
Облако-облако;2023-08-06 13:04:17;727143557;41.59756;42.85852;-4121;5869;7
Облако-облако;2023-08-06 13:04:43;417529251;41.52978;42.87913;-4906;10982;13
Облако-облако;2023-08-06 13:04:50;606191267;41.01256;43.13537;-3988;19501;9
Облако-облако;2023-08-06 13:05:10;706309125;41.52118;42.91466;-4106;7828;8
Облако-облако;2023-08-06 13:05:41;435366923;41.5058999;42.88492;-4267;12535;7
Облако-земля;2023-08-06 13:05:41;607700227;41.41786;42.91273;-2485;0;5
Облако-облако;2023-08-06 13:06:08;769739892;43.6013;42.2939999;-5804;3002;13
Облако-облако;2023-08-06 13:06:14;661611231;41.55222;42.97206;-3643;3250;7
Облако-облако;2023-08-06 13:06:22;890900971;41.52314;42.95022;-3564;17852;10
Облако-облако;2023-08-06 13:07:51;870524973;41.41884;42.9066;-3250;11756;6
Облако-земля;2023-08-06 13:08:34;708072281;41.42727;42.95002;-5359;0;10
Облако-облако;2023-08-06 13:10:02;223982169;41.43668;42.92705;-2188;18826;5
Облако-облако;2023-08-06 13:12:53;864382409;41.5082;42.91099;-2750;6706;6
Облако-облако;2023-08-06 13:13:00;407729563;41.47537;42.9299;-2788;5915;5
Облако-земля;2023-08-06 13:13:26;741891539;41.5342399;42.89485;-5541;0;8
Облако-облако;2023-08-06 13:14:16;726046933;41.45829;42.94941;-3414;7136;7
Облако-земля;2023-08-06 13:14:46;824490068;41.48139;42.91924;-7304;0;13
Облако-земля;2023-08-06 13:14:47;300888043;41.64106;42.45313;-4509;0;9
Облако-облако;2023-08-06 13:14:47;385529819;41.6647;42.59024;4791;16112;8
Облако-облако;2023-08-06 13:15:14;663708809;41.47739;42.93231;3955;7494;6
Облако-облако;2023-08-06 13:15:32;98215;41.51945;42.99566;-3677;15553;9
Облако-облако;2023-08-06 13:15:32;14638946;41.50511;42.84743;-7512;9985;11
Облако-облако;2023-08-06 13:17:11;487555755;41.48343;42.95477;-3006;11425;6
Облако-облако;2023-08-06 13:17:59;681577523;41.61816;42.44249;-2298;9842;6
Облако-облако;2023-08-06 13:18:04;814240712;41.51386;42.85279;-3475;10265;6
Облако-земля;2023-08-06 13:19:14;434583018;41.51379;42.8052;-5634;0;10
Облако-облако;2023-08-06 13:19:51;74746885;41.47095;43.00336;-3171;10455;6
Облако-облако;2023-08-06 13:20:42;879163024;41.52532;42.92036;2351;14948;6
Облако-облако;2023-08-06 13:20:55;933445011;41.57186;42.81185;-4761;8972;11
Облако-облако;2023-08-06 13:21:31;725787607;41.61371;43.02037;-10974;3039;10
Облако-земля;2023-08-06 13:22:46;961986161;41.56143;42.85431;-12409;0;13
Облако-облако;2023-08-06 13:23:20;444351559;41.44636;42.94522;-4953;18266;9
Облако-облако;2023-08-06 13:23:32;138348127;41.22486;43.3671099;-4788;3933;13
Облако-облако;2023-08-06 13:23:46;703789404;41.66152;42.89906;-2904;19450;7
Облако-облако;2023-08-06 13:24:26;255685073;41.6982;42.8538799;-3423;18710;7
Облако-облако;2023-08-06 13:25:05;188381631;41.5083399;42.88245;-3448;15901;6
Облако-облако;2023-08-06 13:25:31;827215196;41.50158;42.95006;3661;13666;10
Облако-облако;2023-08-06 13:25:40;919574109;41.2513;43.52303;-5986;6843;12
Облако-земля;2023-08-06 13:25:40;107101201;41.53977;42.88087;-4790;0;10
Облако-облако;2023-08-06 13:25:56;928537273;41.41395;43.01741;3612;5234;6
Облако-облако;2023-08-06 13:26:15;747749036;41.16205;43.3846599;-4090;13899;9
Облако-земля;2023-08-06 13:26:50;777470710;41.43804;43.00229;-4917;0;10
Облако-облако;2023-08-06 13:26:50;30518233;41.58837;42.93483;-3711;15599;7
Облако-облако;2023-08-06 13:26:58;188890995;41.52023;42.97984;-3634;12824;7
Облако-облако;2023-08-06 13:27:16;390072575;41.46626;42.96298;-4480;18610;7
Облако-земля;2023-08-06 13:27:27;471866340;41.50877;42.92502;-8803;0;13
Облако-облако;2023-08-06 13:27:29;174462596;41.34368;43.32092;-3681;5857;7
Облако-земля;2023-08-06 13:27:47;752225537;41.54646;42.11508;-5879;0;10
Облако-земля;2023-08-06 13:28:49;763821835;41.55716;42.84903;-4485;0;7
Облако-облако;2023-08-06 13:29:34;655059739;41.23669;43.3957;-4355;11078;5
Облако-облако;2023-08-06 13:30:24;687474773;41.20047;43.36743;-5258;9063;10
Облако-облако;2023-08-06 13:31:01;285935194;41.17965;43.37144;-4470;15220;9
Облако-земля;2023-08-06 13:31:36;691286981;41.40711;43.02597;-5763;0;9
Облако-облако;2023-08-06 13:31:42;157468230;41.20171;43.3925;2528;13258;6
Облако-облако;2023-08-06 13:31:59;808051103;41.46589;42.98942;-3524;10914;7
Облако-облако;2023-08-06 13:32:33;921161963;41.17912;43.39053;-2822;10822;7
Облако-земля;2023-08-06 13:32:46;208751748;41.47101;42.99069;-5224;0;7
Облако-облако;2023-08-06 13:32:58;969781530;41.17883;43.37462;-3662;16820;7
Облако-облако;2023-08-06 13:33:04;924578750;41.6155;42.1987499;-11371;5901;14
Облако-земля;2023-08-06 13:33:22;719023422;41.41229;43.03346;-2183;0;5
Облако-облако;2023-08-06 13:33:29;338660173;41.48731;42.96869;3050;10640;7
Облако-земля;2023-08-06 13:34:25;340148106;41.17016;43.40288;-3640;0;12
Облако-земля;2023-08-06 13:34:36;776964102;41.4076499;43.04892;-11867;0;14
Облако-облако;2023-08-06 13:34:37;12420500;41.54903;42.82573;-3399;9888;7
Облако-облако;2023-08-06 13:35:36;547055737;41.25078;43.41791;-3703;14854;8
Облако-облако;2023-08-06 13:36:09;443358101;41.54943;43.0948;-4726;3000;8
Облако-облако;2023-08-06 13:36:09;707237564;41.5078699;42.97399;-4367;18550;8
Облако-облако;2023-08-06 13:36:09;450318284;41.60971;42.96155;-3786;3032;7
Облако-облако;2023-08-06 13:36:11;106064267;41.18002;43.38575;-4025;13500;7
Облако-облако;2023-08-06 13:36:28;88142181;41.13203;43.4212;-2676;12835;5
Облако-облако;2023-08-06 13:36:36;526356386;41.26865;43.34616;-4053;12687;8
Облако-облако;2023-08-06 13:36:47;793815068;41.66044;42.55881;-12349;3018;11
Облако-облако;2023-08-06 13:37:28;755139923;41.51205;42.98328;4411;9290;7
Облако-облако;2023-08-06 13:38:14;482996016;41.22253;43.46955;-5935;3786;7
Облако-облако;2023-08-06 13:38:39;144388164;41.19721;43.57486;-3134;9436;7
Облако-облако;2023-08-06 13:39:38;838966837;43.53367;42.13438;-3308;14326;7
Облако-облако;2023-08-06 13:39:38;840001776;43.60374;42.22497;-7619;7167;13
Облако-облако;2023-08-06 13:40:05;609741955;41.5623099;43.03134;-3257;7230;10
Облако-облако;2023-08-06 13:40:05;610211584;41.45747;43.02565;-3000;10957;6
Облако-земля;2023-08-06 13:40:13;423918737;41.53815;42.9546;-7796;0;13
Облако-облако;2023-08-06 13:40:13;56222413;41.55979;43.14068;-9513;4057;12
Облако-облако;2023-08-06 13:40:42;127517732;41.42158;43.22334;-2999;11451;8
Облако-облако;2023-08-06 13:40:53;936770383;41.48506;43.1777;-10705;17017;10
Облако-облако;2023-08-06 13:40:53;900398228;41.5649299;42.98894;-3741;9351;6
Облако-земля;2023-08-06 13:42:23;694566274;41.24047;43.61753;-8425;0;7
Облако-земля;2023-08-06 13:42:27;924287788;41.60176;42.38023;-12045;0;13
Облако-земля;2023-08-06 13:42:41;159929435;41.45919;43.02868;-3462;0;6
Облако-облако;2023-08-06 13:43:06;698121728;41.1631;43.42749;-4094;4423;5
Облако-земля;2023-08-06 13:43:21;570438808;41.47291;42.99707;-4622;0;6
Облако-облако;2023-08-06 13:43:44;646163481;41.56322;43.04799;-2715;9986;6
Облако-облако;2023-08-06 13:44:22;424615929;41.47994;43.07838;-2765;13442;7
Облако-облако;2023-08-06 13:45:03;133336450;41.20019;43.38347;-4998;12677;8
Облако-облако;2023-08-06 13:45:09;876344840;41.47278;43.064;-2154;16142;5
Облако-облако;2023-08-06 13:45:21;732355760;41.17812;43.41825;-5373;12858;12
Облако-облако;2023-08-06 13:45:43;659776922;41.68439;42.47856;-5739;7176;7
Облако-облако;2023-08-06 13:45:43;856892119;41.63845;42.34432;3641;11383;8
Облако-облако;2023-08-06 13:46:14;948161869;41.81946;42.3099;-8949;13659;11
Облако-облако;2023-08-06 13:46:22;447936582;41.04824;43.39468;-4465;18321;8
Облако-облако;2023-08-06 13:46:22;188170492;41.1092299;43.51095;-3952;6522;10
Облако-облако;2023-08-06 13:46:32;264767383;43.52023;42.13164;3319;12933;8
Облако-облако;2023-08-06 13:46:50;874095249;41.29286;43.42805;-6506;7617;14
Облако-облако;2023-08-06 13:46:59;758447382;41.33003;43.35274;3157;18512;7
Облако-облако;2023-08-06 13:47:35;179097779;41.4891;43.1028;-3375;10481;6
Облако-облако;2023-08-06 13:47:39;864337914;41.07873;43.50238;-8534;17087;9
Облако-земля;2023-08-06 13:48:05;803975315;41.47577;43.03194;-4564;0;10
Облако-земля;2023-08-06 13:48:33;95174430;43.5257099;42.14916;16124;0;12
Облако-облако;2023-08-06 13:48:33;116424703;43.6933999;42.25401;-8551;6043;11
Облако-облако;2023-08-06 13:48:40;280348717;41.51592;43.04064;-3390;3008;6
Облако-облако;2023-08-06 13:49:03;944146767;41.43416;43.1677899;7312;4810;10
Облако-облако;2023-08-06 13:49:10;41912694;41.90137;42.3718;-12435;3614;12
Облако-облако;2023-08-06 13:49:10;42673987;41.8042299;42.34085;-9725;8448;13
Облако-облако;2023-08-06 13:49:14;615837088;41.43685;43.05108;-4193;10618;7
Облако-облако;2023-08-06 13:49:14;614895096;41.47188;43.1714399;-6928;3029;11
Облако-облако;2023-08-06 13:49:16;590546266;41.14595;42.04713;-8020;8701;12
Облако-облако;2023-08-06 13:49:49;770442296;41.15852;43.43042;-2694;13088;7
Облако-облако;2023-08-06 13:49:52;532551067;41.3527;43.35372;-6944;6386;8
Облако-облако;2023-08-06 13:50:49;878178883;41.48052;43.04812;-2857;10603;7
Облако-облако;2023-08-06 13:51:03;240122189;41.73704;42.36597;-2831;16919;7
Облако-облако;2023-08-06 13:51:03;240886779;41.62203;42.35969;-2532;10303;6
Облако-облако;2023-08-06 13:51:09;641384226;41.1574;43.39888;-4019;3886;8
Облако-облако;2023-08-06 13:51:10;760007303;41.18198;42.1795;-7784;7652;10
Облако-облако;2023-08-06 13:51:21;965694398;41.19259;43.43166;2537;3098;6
Облако-облако;2023-08-06 13:51:49;553037567;41.42217;43.20553;-4867;4579;10
Облако-облако;2023-08-06 13:51:50;429557209;41.49741;43.01825;-3461;11062;7
Облако-облако;2023-08-06 13:52:03;664638133;41.80478;42.36137;-4433;11932;10
Облако-облако;2023-08-06 13:52:03;624556481;41.05314;43.39287;-3323;18838;7
Облако-земля;2023-08-06 13:52:40;556970630;41.51392;43.09884;-16441;0;18
Облако-облако;2023-08-06 13:52:42;44375241;41.40793;43.09825;-3672;11409;6
Облако-земля;2023-08-06 13:52:46;174125250;41.6131699;42.4200299;-13717;0;13
Облако-земля;2023-08-06 13:52:48;608046258;41.15538;43.44959;-17826;0;17
Облако-облако;2023-08-06 13:52:48;362483949;41.22442;43.57899;-6095;7068;8
Облако-облако;2023-08-06 13:53:19;115589879;41.52677;43.09739;-3511;8923;7
Облако-земля;2023-08-06 13:54:04;971107567;41.15426;42.0707499;-4846;0;10
Облако-облако;2023-08-06 13:54:07;133083391;41.00229;43.48365;3214;19348;8
Облако-земля;2023-08-06 13:54:28;558586087;41.12867;43.43898;-6303;0;12
Облако-облако;2023-08-06 13:54:49;149881941;41.46056;43.09021;-4024;12110;7
Облако-облако;2023-08-06 13:54:52;780650005;41.63265;43.0651;-2836;7330;7
Облако-облако;2023-08-06 13:55:14;560180643;41.32604;43.31181;-2611;18410;6
Облако-облако;2023-08-06 13:55:26;102239142;41.17331;43.4155299;-3506;9151;8
Облако-облако;2023-08-06 13:55:38;387947348;41.14991;42.03776;-3396;7102;8
Облако-земля;2023-08-06 13:56:10;91794833;41.60311;42.44797;-10583;0;14
Облако-облако;2023-08-06 13:56:10;5530873;41.47642;42.46022;-6388;3001;11
Облако-земля;2023-08-06 13:56:19;618057080;41.0116;43.37914;-3820;0;8
Облако-облако;2023-08-06 13:56:21;968752111;41.8945099;42.98412;-9245;5757;7
Облако-облако;2023-08-06 13:56:36;804757603;41.27217;43.4128;-5252;16039;8
Облако-земля;2023-08-06 13:56:36;606380739;41.17922;43.44372;26675;0;24
Облако-облако;2023-08-06 13:56:47;523758492;41.37545;43.25325;-2591;17643;5
Облако-земля;2023-08-06 13:56:54;608670268;41.80013;42.33324;-5206;0;13
Облако-земля;2023-08-06 13:56:56;610883949;41.28429;43.3990099;-4674;0;9
Облако-земля;2023-08-06 13:56:57;368699087;41.03975;43.41555;-4327;0;8
Облако-облако;2023-08-06 13:57:01;138844113;41.37419;43.50068;-3160;4310;9
Облако-облако;2023-08-06 13:57:08;714999242;41.03816;43.40917;-6977;12666;12
Облако-облако;2023-08-06 13:57:13;51054829;41.02769;43.39156;-3691;14773;9
Облако-облако;2023-08-06 13:57:15;942538021;41.4035;43.20487;-7119;15840;7
Облако-облако;2023-08-06 13:57:38;556917325;41.4750299;43.26177;-2532;16963;7
Облако-земля;2023-08-06 13:57:54;740227681;41.10447;41.96837;-14295;0;14
Облако-земля;2023-08-06 13:57:54;680975245;41.13029;43.35342;-3981;0;7
Облако-облако;2023-08-06 13:58:00;891808556;41.04802;43.40855;-3053;10363;7
Облако-облако;2023-08-06 13:58:02;298836352;41.33015;43.30747;-3497;9802;7
Облако-земля;2023-08-06 13:58:11;707743234;41.83162;42.92343;9780;0;11
Облако-облако;2023-08-06 13:58:11;707225016;41.86665;43.04221;-18461;15532;13
Облако-облако;2023-08-06 13:58:19;13951051;41.28653;43.36021;-2986;4210;8
Облако-облако;2023-08-06 13:58:41;450349644;41.32374;43.2861199;-3158;11760;5
Облако-облако;2023-08-06 13:58:41;267933939;41.442;43.26671;-2528;12885;6
Облако-земля;2023-08-06 13:58:46;397220704;41.46314;43.27397;-18514;0;14
Облако-облако;2023-08-06 13:58:51;535394035;41.62609;43.11642;-2516;6607;9
Облако-земля;2023-08-06 13:59:35;84525282;41.18481;43.44178;-36251;0;11
Облако-облако;2023-08-06 13:59:35;93626072;41.22428;43.55771;-6688;3154;8
Облако-земля;2023-08-06 13:59:39;477077066;41.28272;43.40763;6957;0;12
Облако-земля;2023-08-06 13:59:40;133100812;41.33812;43.28972;-4707;0;8
Облако-облако;2023-08-06 13:59:45;773911940;41.33425;43.29139;5514;15504;8
Облако-облако;2023-08-06 13:59:54;642900249;41.33744;43.28384;-3000;16932;5
Облако-облако;2023-08-06 13:59:56;505942885;41.03974;43.43096;-2934;10322;6
Облако-земля;2023-08-06 14:00:05;251976090;41.33935;43.29454;-5421;0;10
Облако-облако;2023-08-06 14:00:08;78862411;41.60944;43.07186;10553;3005;11
Облако-облако;2023-08-06 14:00:10;798331670;41.93448;42.9247299;-3091;17430;12
Облако-облако;2023-08-06 14:00:10;799424711;41.83699;42.89959;-6714;15515;12
Облако-облако;2023-08-06 14:00:16;862425217;41.35555;43.2868799;2730;3080;6
Облако-земля;2023-08-06 14:00:25;608347325;41.04166;43.40196;-4260;0;6
Облако-облако;2023-08-06 14:00:31;272884739;41.26227;43.51256;-4985;7337;13
Облако-земля;2023-08-06 14:00:41;286610160;41.8299;42.34196;-7629;0;13
Облако-облако;2023-08-06 14:00:41;306601658;41.93173;42.35086;2740;4904;7
Облако-облако;2023-08-06 14:00:57;988901465;41.04157;43.42215;3225;13809;6
Облако-облако;2023-08-06 14:00:58;8324314;41.08276;43.56871;-7476;15048;14
Облако-облако;2023-08-06 14:01:03;770275625;41.58982;43.31219;-8479;3762;9
Облако-облако;2023-08-06 14:01:04;9152785;41.50529;43.13082;-5261;7048;9
Облако-облако;2023-08-06 14:01:32;397942535;41.61764;43.07408;-2868;9115;6
Облако-облако;2023-08-06 14:01:32;397459536;41.67015;43.23111;-3248;3011;7
Облако-облако;2023-08-06 14:02:00;793850208;41.49145;43.2584;-4328;6252;8
Облако-облако;2023-08-06 14:02:00;795964529;41.54299;43.09393;-3950;11643;7
Облако-облако;2023-08-06 14:02:16;108238499;41.57674;43.26893;-9758;17508;7
Облако-земля;2023-08-06 14:02:16;128047000;41.5268;43.1370999;7964;0;5
Облако-облако;2023-08-06 14:02:16;482822381;41.3801;43.52343;-5500;3007;12
Облако-земля;2023-08-06 14:02:17;839073490;41.50305;43.24985;-4393;0;8
Облако-облако;2023-08-06 14:02:18;213669242;41.42629;43.1052;4700;5479;7
Облако-земля;2023-08-06 14:02:22;15488150;41.22697;43.4322;-7979;0;16
Облако-облако;2023-08-06 14:02:33;524082150;41.31116;43.3143699;3202;15689;6
Облако-облако;2023-08-06 14:02:43;443424016;41.6581199;43.07061;-2097;6651;5
Облако-земля;2023-08-06 14:02:55;862382027;41.08023;43.39909;-4071;0;8
Облако-облако;2023-08-06 14:02:58;108516921;41.49019;43.0619299;3813;11956;8
Облако-облако;2023-08-06 14:03:14;621643073;41.62869;43.10241;-3219;4989;7
Облако-облако;2023-08-06 14:03:21;440154242;41.46082;43.11935;-6218;3324;9
Облако-земля;2023-08-06 14:04:02;617381052;41.00554;43.42033;-20236;0;12
Облако-облако;2023-08-06 14:04:06;88518797;41.34796;43.58114;-26551;3003;13
Облако-облако;2023-08-06 14:04:12;536885333;41.62104;43.06013;5867;3010;6
Облако-облако;2023-08-06 14:04:12;493044074;41.84854;42.97146;-2820;9753;6
Облако-облако;2023-08-06 14:04:15;470140618;41.4333699;43.37363;-4140;4256;11
Облако-облако;2023-08-06 14:04:21;918958986;41.89288;43.07049;-22029;19298;16
Облако-облако;2023-08-06 14:04:21;262507733;41.37046;43.48263;-5335;7936;14
Облако-земля;2023-08-06 14:04:22;109241376;41.85469;42.89431;-3511;0;6
Облако-облако;2023-08-06 14:04:26;132184822;41.30621;43.32793;-3237;4157;8
Облако-облако;2023-08-06 14:04:33;997973953;41.37605;43.36563;-3594;11169;7
Облако-облако;2023-08-06 14:04:39;475994594;41.57871;43.28152;-7708;6284;12
Облако-облако;2023-08-06 14:04:39;459634005;41.52963;43.15713;-6108;10122;6
Облако-облако;2023-08-06 14:04:54;109403292;41.4794399;43.11592;-3595;19684;7
Облако-облако;2023-08-06 14:04:55;740252883;41.34993;43.58166;-9780;3183;13
Облако-земля;2023-08-06 14:05:06;153931702;41.20365;43.45431;-11111;0;13
Облако-земля;2023-08-06 14:05:06;140102259;41.24603;43.5923299;-18297;0;13
Облако-облако;2023-08-06 14:05:12;254208591;41.50018;43.2742;-2654;3035;7
Облако-земля;2023-08-06 14:05:13;267115549;41.80431;42.35102;-16476;0;12
Облако-облако;2023-08-06 14:05:35;661647219;41.40035;43.28419;-2559;17213;6
Облако-облако;2023-08-06 14:05:47;50612045;41.36825;43.27079;-3826;10419;7
Облако-земля;2023-08-06 14:05:47;505590080;41.15327;43.44953;-6426;0;13
Облако-облако;2023-08-06 14:05:47;35564480;41.44097;43.44943;-4559;3027;7
Облако-облако;2023-08-06 14:05:47;222619594;41.2456699;43.42659;-4098;6070;7
Облако-земля;2023-08-06 14:05:49;264321995;41.02003;43.3793;-3791;0;6
Облако-облако;2023-08-06 14:06:07;565385383;41.37853;43.26241;-4868;10277;11
Облако-земля;2023-08-06 14:06:14;624824314;41.03033;43.37845;-3560;0;6
Облако-земля;2023-08-06 14:06:14;967703243;41.35355;43.32385;-7164;0;10
Облако-земля;2023-08-06 14:06:14;346553771;41.41803;43.192;-6814;0;16
Облако-земля;2023-08-06 14:06:20;821757557;41.30314;43.2125;-4338;0;14
Облако-облако;2023-08-06 14:06:29;419817127;41.87745;42.91772;-5123;6078;6
Облако-облако;2023-08-06 14:06:29;435214005;41.88479;43.13367;-8791;11101;17
Облако-облако;2023-08-06 14:06:31;612751991;41.38895;43.44045;-4337;9768;10
Облако-облако;2023-08-06 14:06:31;625565794;41.3808;43.24603;-3410;19759;5
Облако-облако;2023-08-06 14:06:35;907702100;41.40475;43.28257;-4364;7833;9
Облако-облако;2023-08-06 14:06:36;908335824;41.33151;43.33542;-4207;19613;8
Облако-облако;2023-08-06 14:06:40;951813818;41.371;43.28103;-3259;19716;6
Облако-земля;2023-08-06 14:06:46;207534058;41.4689;43.1771;-10150;0;11
Облако-облако;2023-08-06 14:06:49;315750223;41.22542;42.24683;-6994;16610;7
Облако-облако;2023-08-06 14:06:49;344228985;41.2639;42.01639;-7228;7510;12
Облако-облако;2023-08-06 14:06:51;868520684;41.32041;43.35749;2351;5015;5
Облако-облако;2023-08-06 14:06:55;635291715;41.36622;43.25363;-4573;12204;8
Облако-облако;2023-08-06 14:07:03;322920607;41.61396;43.07987;-4238;14390;9
Облако-облако;2023-08-06 14:07:10;246029243;41.5392;43.15838;-4281;14640;10
Облако-облако;2023-08-06 14:07:13;279314893;41.32271;43.40278;1968;14613;7
Облако-земля;2023-08-06 14:07:16;484264364;41.3147499;43.36978;-2404;0;6
Облако-облако;2023-08-06 14:07:16;337955991;41.43673;43.40597;-3378;3004;8
Облако-облако;2023-08-06 14:07:20;791764756;41.4018299;43.405;-4162;5033;8
Облако-облако;2023-08-06 14:07:20;702863252;41.36385;43.26175;-3220;12367;7
Облако-облако;2023-08-06 14:07:22;118360445;41.46516;43.09258;-2207;4465;5
Облако-облако;2023-08-06 14:07:24;436247075;41.38366;43.27286;-3020;10178;6
Облако-облако;2023-08-06 14:07:28;633248135;41.49057;43.09157;5774;6209;10
Облако-облако;2023-08-06 14:07:35;804172196;41.55844;43.22865;-3274;19746;6
Облако-облако;2023-08-06 14:07:38;25301943;41.49104;43.1594399;-4682;16056;7
Облако-земля;2023-08-06 14:07:41;853603558;41.79634;42.3596999;-13101;0;15
Облако-облако;2023-08-06 14:07:55;994097562;41.43159;43.40753;-5100;7714;7
Облако-облако;2023-08-06 14:07:56;7588089;41.49814;43.23366;-3673;12224;7
Облако-облако;2023-08-06 14:08:04;970019886;41.06731;43.47656;-3186;5239;10
Облако-облако;2023-08-06 14:08:15;152305606;41.51578;43.29746;-4901;3016;8
Облако-облако;2023-08-06 14:08:16;473612779;41.39472;43.27663;-3848;10073;10
Облако-облако;2023-08-06 14:08:16;687895209;41.46054;43.43225;-4010;3511;7
Облако-облако;2023-08-06 14:08:27;932700905;41.47881;43.078;-3142;5563;8
Облако-земля;2023-08-06 14:08:37;855965697;41.85728;42.92715;9766;0;17
Облако-облако;2023-08-06 14:08:37;843166518;41.93705;43.00108;-14630;3490;18
Облако-облако;2023-08-06 14:08:44;23456178;41.4932;43.47476;-5100;4166;11
Облако-облако;2023-08-06 14:08:46;56858494;41.34561;43.34299;-2824;11111;5
Облако-облако;2023-08-06 14:08:52;556067321;41.4336399;43.43615;-5697;7365;16
Облако-облако;2023-08-06 14:09:03;420437114;41.38012;43.2601299;-3034;17987;5
Облако-облако;2023-08-06 14:09:26;191169216;41.03213;43.3992;-2060;19413;5
Облако-облако;2023-08-06 14:09:26;925980731;41.22493;43.44146;-2819;13725;5
Облако-облако;2023-08-06 14:09:27;565992108;41.39869;43.26953;1892;13777;5
Облако-облако;2023-08-06 14:09:32;337053888;41.12374;43.52572;-4772;7706;7
Облако-облако;2023-08-06 14:09:44;65057771;41.33451;43.34941;-4439;18026;6
Облако-облако;2023-08-06 14:09:51;681117577;41.71761;43.28494;-4370;6993;7
Облако-земля;2023-08-06 14:09:54;77733510;41.56185;43.14139;-3794;0;7
Облако-облако;2023-08-06 14:09:55;642381498;41.44765;43.52312;-9276;4000;13
Облако-облако;2023-08-06 14:10:04;64943562;41.39497;43.26814;3040;18761;5
Облако-облако;2023-08-06 14:10:06;895660951;41.50113;43.26284;-5254;3552;12
Облако-облако;2023-08-06 14:10:36;709182789;41.46213;43.39281;-5341;6992;6
Облако-облако;2023-08-06 14:10:39;777944193;41.3311599;43.3614;7924;13287;13
Облако-облако;2023-08-06 14:10:41;186872974;41.49074;43.22446;-4058;12956;7
Облако-облако;2023-08-06 14:10:46;190227339;41.59513;43.16914;-3059;3144;8
Облако-облако;2023-08-06 14:10:46;188503729;41.49414;43.16945;-2964;15668;5
Облако-облако;2023-08-06 14:10:53;382723472;41.00524;43.34072;-3723;15525;7
Облако-облако;2023-08-06 14:11:07;643414286;41.64371;43.42776;-10172;3060;16
Облако-земля;2023-08-06 14:11:07;741908304;41.58903;43.29656;-4250;0;10
Облако-облако;2023-08-06 14:11:22;633257415;41.58512;43.14249;5918;7412;9
Облако-земля;2023-08-06 14:11:25;388057161;41.88346;42.93319;-5469;0;7
Облако-облако;2023-08-06 14:11:31;72284866;41.42878;43.39857;-5925;6999;9
Облако-облако;2023-08-06 14:11:32;905893469;41.33985;43.3489099;-9835;11988;14
Облако-облако;2023-08-06 14:11:35;794594779;41.44268;43.33558;-4970;16975;14
Облако-облако;2023-08-06 14:11:36;514575202;41.01923;43.40603;-2731;15720;6
Облако-облако;2023-08-06 14:11:37;576093212;41.66053;43.14602;-2376;3545;6
Облако-облако;2023-08-06 14:11:40;802684129;41.67823;43.10865;2969;18558;7
Облако-облако;2023-08-06 14:11:46;400973502;41.37572;43.24315;-2491;19829;5
Облако-облако;2023-08-06 14:11:56;848674716;41.69959;43.25845;-4137;10855;7
Облако-земля;2023-08-06 14:12:06;752323988;41.34331;43.34066;-4090;0;7
Облако-облако;2023-08-06 14:12:09;435031348;41.28384;43.4426599;-3413;17304;7
Облако-облако;2023-08-06 14:12:33;47564169;41.1078;42.07694;-6337;6871;7
Облако-облако;2023-08-06 14:12:46;251776359;41.36439;43.50169;-4235;5196;8
Облако-облако;2023-08-06 14:12:49;816567738;41.40534;43.28519;-2546;14349;6
Облако-облако;2023-08-06 14:12:52;365011990;41.80293;42.47567;-9900;10473;17
Облако-облако;2023-08-06 14:12:52;341925816;41.69923;42.55193;-9397;5325;21
Облако-облако;2023-08-06 14:12:57;255207791;41.50434;43.26965;-4171;11025;7
Облако-облако;2023-08-06 14:12:58;475393269;41.64083;43.13966;-5006;5996;9
Облако-облако;2023-08-06 14:13:12;548687546;41.43198;43.39956;-4426;3004;8
Облако-облако;2023-08-06 14:13:13;759702743;41.35255;43.25806;-4664;7253;11
Облако-облако;2023-08-06 14:13:21;960145513;41.0574;43.40525;-3062;7317;7
Облако-облако;2023-08-06 14:13:29;476338518;41.89208;42.9334599;-7083;5709;8
Облако-облако;2023-08-06 14:13:33;590810704;41.77561;43.11813;-4172;5956;8
Облако-облако;2023-08-06 14:13:36;600125063;41.74034;42.34896;-3917;4427;9
Облако-облако;2023-08-06 14:13:40;562483809;41.36478;43.29359;3114;11156;7
Облако-облако;2023-08-06 14:13:42;316182319;41.37001;43.23928;-2975;5363;7
Облако-земля;2023-08-06 14:13:43;77433747;41.54846;43.1522;-5878;0;13
Облако-облако;2023-08-06 14:13:51;930147587;41.48531;43.18836;-5898;11432;9
Облако-облако;2023-08-06 14:13:54;131195851;41.3835;43.24638;-3299;16479;5
Облако-облако;2023-08-06 14:14:01;819342462;41.3694;43.50113;-3623;3081;7
Облако-облако;2023-08-06 14:14:05;284716681;41.07797;43.69243;-9263;5548;8
Облако-облако;2023-08-06 14:14:28;266716473;41.32395;43.40317;-6154;12026;12
Облако-облако;2023-08-06 14:14:31;183548643;41.41726;43.42648;-5518;19618;9
Облако-облако;2023-08-06 14:14:34;278663360;41.35832;43.2596;-4006;18190;10
Облако-облако;2023-08-06 14:14:37;450752701;41.4033299;43.28331;-4013;7094;6
Облако-земля;2023-08-06 14:14:54;775839651;41.7591899;42.36557;-11899;0;15
Облако-облако;2023-08-06 14:15:00;979719110;41.50306;43.13294;-6128;3052;13
Облако-облако;2023-08-06 14:15:00;706568686;41.3715;43.30224;2338;15509;5
Облако-облако;2023-08-06 14:15:01;576049896;41.31574;43.4138499;-3581;18366;7
Облако-облако;2023-08-06 14:15:05;486680754;41.39569;43.26788;-5874;12775;9
Облако-облако;2023-08-06 14:15:10;994175013;41.11628;43.63254;3845;5790;7
Облако-облако;2023-08-06 14:15:19;570523831;41.37472;43.2777;3031;3259;6
Облако-земля;2023-08-06 14:15:27;879845734;41.80242;42.3487;-8184;0;15
Облако-облако;2023-08-06 14:15:31;110634440;41.62109;43.05972;2770;4407;6
Облако-облако;2023-08-06 14:15:32;708139431;41.38927;43.46719;-6947;4551;8
Облако-облако;2023-08-06 14:15:50;715303574;41.83402;42.43967;-3646;6362;8
Облако-облако;2023-08-06 14:15:50;517370785;41.7456;42.35815;-4046;14193;7
Облако-облако;2023-08-06 14:15:51;695062865;41.61321;43.30833;-5026;8062;8
Облако-облако;2023-08-06 14:16:03;831481555;41.53795;42.32227;-5952;3180;11
Облако-облако;2023-08-06 14:16:11;755902053;41.02748;43.37416;-5006;11868;9
Облако-облако;2023-08-06 14:16:20;983654045;41.45009;43.36014;-3059;12521;7
Облако-облако;2023-08-06 14:16:21;943326328;41.97985;42.82705;-4754;6427;13
Облако-облако;2023-08-06 14:16:22;22276483;41.89341;42.90884;-4821;18815;13
Облако-облако;2023-08-06 14:16:22;250257938;41.64108;43.39617;-4058;7273;7
Облако-земля;2023-08-06 14:16:26;43252961;41.77331;42.3236;-14745;0;13
Облако-земля;2023-08-06 14:16:32;931383327;41.36683;43.30348;-4376;0;7
Облако-облако;2023-08-06 14:16:39;633525578;41.61958;43.3009;-2154;10073;5
Облако-облако;2023-08-06 14:16:44;760186668;41.35032;43.37243;-5451;16472;6
Облако-земля;2023-08-06 14:16:46;139831103;41.5983;43.18098;4355;0;7
Облако-облако;2023-08-06 14:16:49;373049869;41.41237;43.27379;-3078;19945;5
Облако-облако;2023-08-06 14:16:51;47364678;41.20678;42.08335;-9729;19375;18
Облако-облако;2023-08-06 14:16:55;876050340;41.59136;43.3615;-3586;12403;7
Облако-земля;2023-08-06 14:16:56;497275140;41.792;42.31547;-27763;0;14
Облако-облако;2023-08-06 14:16:57;331152204;41.48954;43.3725;-3477;19050;7
Облако-облако;2023-08-06 14:17:04;303349777;41.41581;43.25098;-5139;19664;16
Облако-облако;2023-08-06 14:17:07;61378629;41.80364;42.40583;2836;11601;6
Облако-облако;2023-08-06 14:17:30;271067630;41.44189;43.4928;-8200;3893;14
Облако-облако;2023-08-06 14:17:31;764240351;41.43479;43.2825599;-2194;10311;6
Облако-облако;2023-08-06 14:17:31;438158135;41.0083;43.4090599;-4741;9682;9
Облако-облако;2023-08-06 14:17:35;249850549;41.54995;43.22639;6976;4442;10
Облако-облако;2023-08-06 14:17:36;822990423;41.39762;43.25981;-2749;13814;6
Облако-облако;2023-08-06 14:17:39;494008580;41.41203;43.26832;-2720;10211;8
Облако-облако;2023-08-06 14:17:41;496821046;41.44136;43.39976;-4112;11113;10
Облако-облако;2023-08-06 14:17:45;75938174;41.67065;43.12274;-4658;6788;6
Облако-облако;2023-08-06 14:17:45;95946149;41.7016599;43.26516;-7375;7227;13
Облако-земля;2023-08-06 14:17:46;366503219;41.88952;42.93562;-7237;0;14
Облако-земля;2023-08-06 14:17:48;793615596;41.01137;43.41297;-3571;0;7
Облако-земля;2023-08-06 14:18:41;403140823;41.75544;42.34762;-14432;0;16
Облако-облако;2023-08-06 14:18:42;382110649;41.38225;43.3031999;-3211;16867;6
Облако-облако;2023-08-06 14:18:43;805383755;41.496;43.22051;-3951;11319;6
Облако-облако;2023-08-06 14:18:45;336987237;41.04589;43.39501;2164;11501;6
Облако-облако;2023-08-06 14:18:52;262040460;41.6204899;43.30894;-3019;10837;6
Облако-облако;2023-08-06 14:18:55;885630136;41.4792599;43.25696;-4260;15928;9
Облако-облако;2023-08-06 14:19:01;106008501;41.01233;43.61639;-4923;5145;8
Облако-облако;2023-08-06 14:19:11;193379650;41.39919;43.2546899;4325;3058;14
Облако-облако;2023-08-06 14:19:14;531287684;41.88794;42.9561;-2726;8842;6
Облако-облако;2023-08-06 14:19:14;183271940;41.6638;43.11012;-5451;9723;11
Облако-облако;2023-08-06 14:19:19;874775406;41.41599;43.28733;-4552;6207;6
Облако-облако;2023-08-06 14:19:22;894398698;41.49138;43.2485799;2893;19044;8
Облако-облако;2023-08-06 14:19:24;1453193;41.60816;43.29953;-2491;15379;5
Облако-облако;2023-08-06 14:19:31;749486931;41.4136;43.31811;-2399;11601;6
Облако-облако;2023-08-06 14:19:32;120269903;41.00941;43.42015;2349;16923;6
Облако-облако;2023-08-06 14:19:33;110367917;41.1004;43.46769;5556;5776;12
Облако-облако;2023-08-06 14:19:39;761947802;41.05165;43.50382;-5142;7227;12
Облако-земля;2023-08-06 14:19:44;359685755;41.7536;42.34054;-11496;0;14
Облако-облако;2023-08-06 14:19:45;160429350;41.42836;43.28288;-6631;6135;15
Облако-облако;2023-08-06 14:19:53;235601193;41.411;43.27573;-5698;3144;6
Облако-облако;2023-08-06 14:20:07;902581957;41.05194;43.47279;-7499;3003;8
Облако-земля;2023-08-06 14:20:08;965909465;41.3890699;43.31125;-5791;0;12
Облако-облако;2023-08-06 14:20:09;804391137;41.38305;43.29036;-3146;10668;6
Облако-облако;2023-08-06 14:20:18;500458998;41.54574;43.2229;-4004;12271;6
Облако-облако;2023-08-06 14:20:21;288971548;41.38035;43.29556;-8766;11715;12
Облако-земля;2023-08-06 14:20:21;254703798;41.77243;42.33358;-7719;0;12
Облако-облако;2023-08-06 14:20:24;892397484;41.40813;43.25933;-2171;6331;5
Облако-облако;2023-08-06 14:20:25;761689082;41.47074;42.25303;-4900;6884;10
Облако-земля;2023-08-06 14:20:26;559737612;41.42163;43.31808;-4146;0;7
Облако-облако;2023-08-06 14:20:36;367688382;41.02205;43.34854;2096;16135;5
Облако-облако;2023-08-06 14:20:40;897469634;41.63866;43.28892;-3027;16167;6
Облако-облако;2023-08-06 14:20:42;780922628;41.37196;43.32068;3025;11933;6
Облако-земля;2023-08-06 14:20:47;294059461;41.00122;43.37662;-4156;0;10
Облако-облако;2023-08-06 14:20:47;69709497;41.4626;43.18818;-4690;10532;7
Облако-облако;2023-08-06 14:21:04;234931001;41.03159;43.52664;-23997;3060;14
Облако-облако;2023-08-06 14:21:04;614174557;41.4046;43.27053;-3817;8327;5
Облако-земля;2023-08-06 14:21:08;867893143;41.39443;43.27588;-5126;0;10
Облако-облако;2023-08-06 14:21:16;639989326;41.37354;43.31355;3948;17327;7
Облако-облако;2023-08-06 14:21:19;866142392;41.48144;43.24423;-3242;18944;7
Облако-облако;2023-08-06 14:21:22;12176749;41.01979;43.5566;-3952;5075;7
Облако-облако;2023-08-06 14:21:24;979246393;41.87289;42.64354;-2844;13988;6
Облако-облако;2023-08-06 14:21:30;481792348;41.6528599;43.13866;-3881;10326;6
Облако-облако;2023-08-06 14:21:31;1408696;41.83966;43.19663;-2857;19580;7
Облако-облако;2023-08-06 14:21:34;618427114;41.35837;43.39764;4914;5019;9
Облако-облако;2023-08-06 14:21:39;527400213;41.4514799;43.27191;-3764;5771;8
Облако-облако;2023-08-06 14:21:46;380941263;41.38978;43.2883799;3914;3022;7
Облако-облако;2023-08-06 14:21:46;390540374;41.54878;43.24227;-5564;7936;7
Облако-земля;2023-08-06 14:21:47;892744669;41.77553;42.3531;-13095;0;18
Облако-облако;2023-08-06 14:21:52;48992194;41.39204;43.28877;2306;5009;5
Облако-облако;2023-08-06 14:22:01;494877805;41.37859;43.32365;4411;3089;5
Облако-облако;2023-08-06 14:22:02;826349430;41.42255;43.24938;-2808;10375;5
Облако-облако;2023-08-06 14:22:11;392780855;41.40525;43.26988;2366;4875;6
Облако-облако;2023-08-06 14:22:14;924776336;41.40481;43.28038;-3526;12210;6
Облако-облако;2023-08-06 14:22:21;238090015;41.4218;43.44057;-6750;19168;8
Облако-облако;2023-08-06 14:22:21;242548350;41.3973;43.27742;-3352;7904;6
Облако-земля;2023-08-06 14:22:26;903643886;41.64875;43.10978;-8203;0;13
Облако-облако;2023-08-06 14:22:26;945516403;41.78504;43.04807;3047;16431;7
Облако-облако;2023-08-06 14:22:27;13846228;41.55642;43.16353;-2691;8532;5
Облако-облако;2023-08-06 14:22:30;114611980;41.68301;43.41726;-4484;19976;12
Облако-земля;2023-08-06 14:22:31;425367942;41.40858;43.26254;-3652;0;6
Облако-земля;2023-08-06 14:22:39;41841532;41.39116;43.24847;-3088;0;5
Облако-облако;2023-08-06 14:22:39;85561706;41.5042;43.35298;-3636;6506;10
Облако-земля;2023-08-06 14:22:41;28486558;41.33628;43.35218;-4170;0;5
Облако-облако;2023-08-06 14:22:49;55385658;41.45824;43.43967;-3526;4962;11
Облако-облако;2023-08-06 14:22:52;678466560;41.3586;43.2124;-4412;3112;8
Облако-облако;2023-08-06 14:22:55;121882113;41.07071;43.61985;-3611;14531;7
Облако-облако;2023-08-06 14:23:05;813662514;41.40835;43.27686;-4009;5366;8
Облако-облако;2023-08-06 14:23:09;528743012;41.38592;43.29404;-3226;17211;6
Облако-облако;2023-08-06 14:23:09;512759008;41.42931;43.4333;-3613;4333;6
Облако-облако;2023-08-06 14:23:17;872927655;41.42228;43.42787;-7481;7481;10
Облако-облако;2023-08-06 14:23:17;918170261;41.38442;43.29422;2201;18820;6
Облако-земля;2023-08-06 14:23:18;352206767;41.79365;42.34545;-8166;0;12
Облако-облако;2023-08-06 14:23:22;86990477;41.40018;43.32967;3890;11402;8
Облако-облако;2023-08-06 14:23:23;52343147;41.3865;43.2562799;-4200;5343;6
Облако-облако;2023-08-06 14:23:33;702727037;41.38623;43.28619;-3347;15476;9
Облако-облако;2023-08-06 14:23:48;221610455;41.15159;43.46194;-6017;16242;9
Облако-облако;2023-08-06 14:23:54;72362345;41.5715999;43.1951899;-2505;14762;7
Облако-облако;2023-08-06 14:23:57;142830927;41.75103;42.38516;5538;9192;8
Облако-облако;2023-08-06 14:23:59;563986053;41.50157;42.3416799;-6211;12836;12
Облако-облако;2023-08-06 14:24:02;96809264;41.41314;43.4809399;-3735;3185;9
Облако-облако;2023-08-06 14:24:06;607667906;41.43784;43.47848;-3710;5386;7
Облако-облако;2023-08-06 14:24:14;898836730;41.59493;42.41849;-4905;3006;10
Облако-облако;2023-08-06 14:24:14;898317783;41.52225;42.3268;4982;10941;8
Облако-облако;2023-08-06 14:24:24;845935449;41.37247;43.33769;-3573;8911;7
Облако-земля;2023-08-06 14:24:25;394302173;41.60274;43.15332;-6660;0;12
Облако-облако;2023-08-06 14:24:25;294446665;41.763;43.25389;-3381;3002;7
Облако-облако;2023-08-06 14:24:34;243743559;41.38626;43.3626;-5049;7069;11
Облако-облако;2023-08-06 14:24:38;271259535;41.36761;43.28325;2652;17547;6
Облако-облако;2023-08-06 14:24:41;783280279;41.39869;43.36378;1993;14583;6
Облако-облако;2023-08-06 14:24:43;413948132;41.36745;43.30612;3094;12467;6
Облако-облако;2023-08-06 14:24:51;856014879;41.90746;42.73828;-3738;13623;8
Облако-земля;2023-08-06 14:25:00;171623667;41.74384;42.35254;-7194;0;14
Облако-облако;2023-08-06 14:25:05;889498163;41.50226;43.25783;-4095;3160;6
Облако-облако;2023-08-06 14:25:10;759540165;41.37919;43.27938;-3639;3441;7
Облако-земля;2023-08-06 14:25:24;163369082;41.00785;43.55912;-5435;0;7
Облако-облако;2023-08-06 14:25:36;860811692;41.85931;42.63589;-2422;5555;6
Облако-облако;2023-08-06 14:25:37;178103288;41.95261;42.77667;4069;3325;8
Облако-облако;2023-08-06 14:25:42;836000361;41.52213;43.69586;-3209;16971;10
Облако-земля;2023-08-06 14:25:51;2814921;41.62193;43.11722;-7074;0;15
Облако-земля;2023-08-06 14:25:59;391875639;41.5878299;43.30945;-5584;0;9
Облако-облако;2023-08-06 14:25:59;113223134;41.38612;43.27706;-3408;8617;5
Облако-облако;2023-08-06 14:26:04;307601874;41.87076;42.63871;-6239;7477;8
Облако-облако;2023-08-06 14:26:04;341495003;41.97244;42.63787;-3347;15763;7
Облако-облако;2023-08-06 14:26:13;562970457;41.39856;43.34482;-4730;15783;9
Облако-облако;2023-08-06 14:26:32;801566663;41.1883;42.18321;-7987;12624;10
Облако-облако;2023-08-06 14:26:38;759283653;41.90137;42.74955;-4795;19814;11
Облако-земля;2023-08-06 14:26:38;791112318;41.8664599;42.63364;-2644;0;6
Облако-облако;2023-08-06 14:26:49;497976637;41.38107;43.35523;5337;4350;8
Облако-облако;2023-08-06 14:26:59;453642040;41.59409;43.15719;2132;3956;6
Облако-облако;2023-08-06 14:26:59;127626572;41.78277;43.16123;-2869;16198;8
Облако-облако;2023-08-06 14:26:59;781893006;41.5393;42.3508799;-2336;10363;5
Облако-облако;2023-08-06 14:27:02;319216803;41.43014;43.4238799;-3470;19946;8
Облако-облако;2023-08-06 14:27:09;507738889;41.3916899;43.28979;-3529;7846;9
Облако-облако;2023-08-06 14:27:11;893515850;41.88441;42.64402;-4798;14487;6
Облако-земля;2023-08-06 14:27:19;416987090;41.36623;43.29469;-5037;0;11
Облако-земля;2023-08-06 14:27:19;214835631;41.44547;43.4981099;-41748;0;15
Облако-облако;2023-08-06 14:27:23;258272269;41.02667;43.57579;3730;19971;7
Облако-земля;2023-08-06 14:27:24;826955205;41.72125;42.40936;-10214;0;17
Облако-облако;2023-08-06 14:27:29;527348448;41.41391;43.27555;-2765;8933;5
Облако-облако;2023-08-06 14:27:37;477437388;41.4321399;43.30296;-2751;5230;6
Облако-облако;2023-08-06 14:27:42;613962519;41.37404;43.38617;-2827;10001;5
Облако-облако;2023-08-06 14:27:48;455210582;41.42617;43.3076;-2260;17479;5
Облако-облако;2023-08-06 14:27:51;869903064;41.56474;43.29813;-5059;6132;7
Облако-облако;2023-08-06 14:27:55;124569876;41.3936;43.28383;-3033;17194;5
Облако-облако;2023-08-06 14:28:03;47160958;41.42711;43.25913;-3036;19424;7
Облако-земля;2023-08-06 14:28:14;243002673;41.63844;43.178;-8070;0;12
Облако-облако;2023-08-06 14:28:14;243500819;41.67161;43.29989;-4699;14715;7
Облако-облако;2023-08-06 14:28:17;151284926;41.31809;43.37907;-2477;3589;5
Облако-облако;2023-08-06 14:28:23;355040658;41.54904;43.24505;-3862;5564;7
Облако-облако;2023-08-06 14:28:39;452625175;41.87924;42.63397;-5503;8047;9
Облако-облако;2023-08-06 14:28:45;536921909;41.61533;43.2476;-2831;19948;6
Облако-земля;2023-08-06 14:28:55;860163506;41.37187;43.26718;-3074;0;6
Облако-облако;2023-08-06 14:28:56;833025338;41.60196;43.22886;7342;3075;7
Облако-земля;2023-08-06 14:28:58;522500027;41.47089;43.23798;-2445;0;5
Облако-облако;2023-08-06 14:29:04;723545505;41.26204;42.36047;4545;4857;7
Облако-облако;2023-08-06 14:29:04;657354662;41.19073;42.17988;3716;17849;7
Облако-земля;2023-08-06 14:29:07;562758728;41.76297;42.3774299;-7960;0;10
Облако-земля;2023-08-06 14:29:07;703863009;41.83287;42.25895;-20782;0;16
Облако-облако;2023-08-06 14:29:13;3925431;41.43508;43.27454;-2391;16439;7
Облако-облако;2023-08-06 14:29:14;499482768;41.01493;43.35927;-4067;12501;6
Облако-облако;2023-08-06 14:29:26;698831035;41.87676;42.64504;6536;18955;10
Облако-облако;2023-08-06 14:29:29;858687288;41.15179;43.48471;-6579;15619;11
Облако-облако;2023-08-06 14:29:30;676161743;41.00846;43.46256;-3504;18659;8
Облако-облако;2023-08-06 14:29:37;689036002;41.87933;42.64186;-6148;13773;10
Облако-земля;2023-08-06 14:29:39;535605853;41.36947;43.25974;-4367;0;11
Облако-облако;2023-08-06 14:29:40;265556140;41.4519;43.27413;-3002;17463;7
Облако-облако;2023-08-06 14:29:42;995910241;41.46778;43.24018;-3616;4181;8
Облако-облако;2023-08-06 14:30:01;929231415;41.40853;43.33396;3892;13689;7
Облако-земля;2023-08-06 14:30:01;504499639;41.89764;42.6490099;-15365;0;13
Облако-облако;2023-08-06 14:30:03;262008048;41.65458;43.47339;-9831;3030;14
Облако-облако;2023-08-06 14:30:04;911858750;41.45364;43.24469;-2672;16496;5
Облако-земля;2023-08-06 14:30:09;961453937;41.37322;43.37183;-2634;0;5
Облако-облако;2023-08-06 14:30:14;981435148;41.41085;43.41608;-5811;3189;8
Облако-облако;2023-08-06 14:30:15;959043630;41.56818;42.48908;-8891;6306;9
Облако-земля;2023-08-06 14:30:16;45957711;41.52113;42.38427;-7546;0;12
Облако-облако;2023-08-06 14:30:36;468556711;41.41052;43.26712;-3180;6584;7
Облако-облако;2023-08-06 14:30:36;295897412;41.04444;43.53835;-6329;3001;9
Облако-облако;2023-08-06 14:30:40;313893248;41.5728;43.26643;-2987;16353;7
Облако-облако;2023-08-06 14:30:43;151235797;41.50974;43.39025;-6020;12449;7
Облако-земля;2023-08-06 14:30:45;947701133;41.57594;43.2904399;-4294;0;8
Облако-облако;2023-08-06 14:30:46;197972030;41.89916;42.62697;-5436;5817;13
Облако-облако;2023-08-06 14:31:01;610732893;41.76635;42.38169;7010;8502;11
Облако-земля;2023-08-06 14:31:20;84884148;41.87877;42.65425;-18133;0;11
Облако-облако;2023-08-06 14:31:24;774155449;41.45462;43.22667;-3083;16707;5
Облако-облако;2023-08-06 14:31:28;77609038;41.44568;43.48261;4192;17924;7
Облако-облако;2023-08-06 14:31:29;607581938;41.6045299;43.29254;4190;15444;8
Облако-облако;2023-08-06 14:31:29;472680120;41.67171;43.4577699;3861;18661;7
Облако-облако;2023-08-06 14:31:33;480558264;41.4524199;43.26231;-3743;6681;8
Облако-облако;2023-08-06 14:31:41;914501958;41.44615;43.26057;-2669;17356;6
Облако-облако;2023-08-06 14:31:46;861504215;41.56402;43.22187;-3228;12048;6
Облако-облако;2023-08-06 14:32:02;94453216;41.47741;43.25891;-2553;13804;6
Облако-облако;2023-08-06 14:32:06;697273485;41.63413;43.1848699;-4746;18307;8
Облако-земля;2023-08-06 14:32:08;727813760;41.8861;42.6438;-12229;0;13
Облако-облако;2023-08-06 14:32:21;624911624;41.40614;43.34568;4959;5842;13
Облако-облако;2023-08-06 14:32:25;21973715;41.46163;43.21524;10046;3001;8
Облако-облако;2023-08-06 14:32:30;467912665;41.1505;43.50101;-8416;6368;15
Облако-земля;2023-08-06 14:32:34;8903091;41.8996;42.64372;-15214;0;13
Облако-облако;2023-08-06 14:32:35;463035115;41.73241;43.37124;-3045;5288;10
Облако-облако;2023-08-06 14:32:35;480979252;41.63409;43.32793;-4737;3102;9
Облако-облако;2023-08-06 14:32:35;208571890;41.45916;43.23942;-10358;5933;11
Облако-облако;2023-08-06 14:32:39;968596221;41.48007;43.35993;-5127;18882;7
Облако-облако;2023-08-06 14:32:39;945447517;41.3709599;43.27791;-3054;17770;6
Облако-облако;2023-08-06 14:32:44;782884658;41.45789;43.2568;-5018;8724;9
Облако-земля;2023-08-06 14:32:48;580718186;41.58505;43.26469;-3427;0;5
Облако-облако;2023-08-06 14:32:51;927040610;41.79299;43.14997;-3954;3461;7
Облако-облако;2023-08-06 14:32:51;692354753;41.6913399;43.2855599;-7513;15570;8
Облако-земля;2023-08-06 14:32:52;117143583;41.64316;43.16088;-17463;0;16
Облако-облако;2023-08-06 14:32:55;13664551;41.2329;43.6964;-3721;3810;9
Облако-облако;2023-08-06 14:32:58;828046306;41.18058;42.20141;-9156;12248;12
Облако-облако;2023-08-06 14:32:58;828555833;41.18545;42.37812;7345;10248;10
Облако-облако;2023-08-06 14:33:06;727004874;41.48254;43.43084;-5047;3008;7
Облако-облако;2023-08-06 14:33:12;854964074;41.0023399;43.40405;-4048;18163;7
Облако-земля;2023-08-06 14:33:12;905762378;41.88028;42.6526;-13577;0;15
Облако-облако;2023-08-06 14:33:18;889315989;41.44829;43.26518;-2434;16836;5
Облако-земля;2023-08-06 14:33:25;526709155;41.46024;43.28682;-2510;0;6
Облако-облако;2023-08-06 14:33:34;9331852;41.76139;42.39482;4427;18892;7
Облако-облако;2023-08-06 14:33:34;177825505;41.89915;42.54519;-11589;19490;11
Облако-облако;2023-08-06 14:33:38;501609824;41.44527;43.22238;-2314;18735;5
Облако-облако;2023-08-06 14:33:42;638825747;41.88809;42.62748;-2523;3003;7
Облако-облако;2023-08-06 14:33:49;160811994;41.56022;43.2862;-4246;3015;7
Облако-облако;2023-08-06 14:33:50;944990960;41.4741;43.24481;-3648;16397;6
Облако-облако;2023-08-06 14:34:00;576212762;41.55589;43.35539;-5279;5445;14
Облако-облако;2023-08-06 14:34:04;459552695;41.45087;43.2204;-2595;18506;6
Облако-облако;2023-08-06 14:34:11;536695012;41.46891;43.23496;-4773;5241;11
Облако-земля;2023-08-06 14:34:11;275312699;41.00951;43.61554;-4522;0;7
Облако-облако;2023-08-06 14:34:16;187438132;41.52875;43.42734;-4782;16454;12
Облако-облако;2023-08-06 14:34:16;192023012;41.44662;43.24505;6377;7744;15
Облако-облако;2023-08-06 14:34:20;171561861;41.62426;43.2232399;-3151;4956;6
Облако-облако;2023-08-06 14:34:25;531886167;41.88172;42.64244;2390;13581;6
Облако-облако;2023-08-06 14:34:32;73546588;41.47931;43.24935;4548;16205;9
Облако-облако;2023-08-06 14:34:38;740941707;41.5204;43.40766;-4941;3502;10
Облако-облако;2023-08-06 14:34:42;838440900;41.56958;43.27343;-4046;7347;6
Облако-облако;2023-08-06 14:34:43;663606257;41.78969;42.31417;-6056;4773;7
Облако-облако;2023-08-06 14:34:46;807858440;41.55125;43.1922;-4140;7971;7
Облако-облако;2023-08-06 14:34:52;132615533;41.43812;43.2880899;-4304;7655;9
Облако-облако;2023-08-06 14:34:55;917016276;41.44005;43.56594;-16846;7277;17
Облако-земля;2023-08-06 14:34:57;827730333;41.47501;43.2413;-3865;0;7
Облако-облако;2023-08-06 14:35:10;346935904;41.88226;42.64566;3871;6599;7
Облако-облако;2023-08-06 14:35:14;237425610;41.08341;43.3707;-4638;14435;7
Облако-облако;2023-08-06 14:35:16;225369553;41.47018;43.25444;-2752;18154;6
Облако-облако;2023-08-06 14:35:24;762083389;41.89062;42.6439499;1942;13842;5
Облако-облако;2023-08-06 14:35:26;690678958;41.47057;43.24103;-5544;12565;11
Облако-облако;2023-08-06 14:35:40;806572737;41.44885;43.27611;-3658;9374;7
Облако-земля;2023-08-06 14:35:41;717213008;41.47675;43.25045;-3667;0;6
Облако-облако;2023-08-06 14:35:44;924238029;41.40321;43.32875;-6429;5567;11
Облако-облако;2023-08-06 14:35:53;489350943;41.90303;42.6207;6068;5608;8
Облако-облако;2023-08-06 14:35:58;13669602;41.4626499;43.25695;-4815;18809;10
Облако-облако;2023-08-06 14:35:59;664339580;41.03146;43.55113;-5765;4068;8
Облако-облако;2023-08-06 14:36:00;24947656;41.87374;42.64411;2289;3839;6
Облако-облако;2023-08-06 14:36:02;735799915;41.53135;43.45379;-3835;7097;8
Облако-облако;2023-08-06 14:36:03;960212163;41.77296;42.39161;2897;14875;5
Облако-облако;2023-08-06 14:36:05;342319513;41.69454;43.3438299;-12080;3677;8
Облако-земля;2023-08-06 14:36:05;362439872;41.63643;43.16235;19445;0;18
Облако-земля;2023-08-06 14:36:14;297337780;41.90299;42.62672;-10538;0;14
Облако-облако;2023-08-06 14:36:15;748821237;41.45793;43.27592;-2739;16923;6
Облако-облако;2023-08-06 14:36:17;631365469;41.5202;43.45887;-3667;17025;7
Облако-облако;2023-08-06 14:36:18;626199514;41.88834;42.60589;-3843;12859;9
Облако-земля;2023-08-06 14:36:21;198602454;41.46387;43.21178;-3180;0;7
Облако-облако;2023-08-06 14:36:34;651171852;41.70022;43.50412;-8359;6609;7
Облако-облако;2023-08-06 14:36:39;184601686;41.58297;43.25994;2352;18222;6
Облако-облако;2023-08-06 14:36:45;499141621;41.63076;43.21349;-2838;12251;6
Облако-облако;2023-08-06 14:36:56;845933086;41.4728;43.27635;-2818;15330;6
Облако-земля;2023-08-06 14:37:04;961052129;41.45256;43.26387;-5886;0;10
Облако-облако;2023-08-06 14:37:08;256600861;41.93151;42.77004;-4453;4089;7
Облако-земля;2023-08-06 14:37:08;346125661;41.87275;42.65099;-12491;0;16
Облако-облако;2023-08-06 14:37:24;430146487;41.8877;42.60854;-3429;17021;8
Облако-облако;2023-08-06 14:37:31;473066677;41.00823;43.63539;-10801;16439;15
Облако-облако;2023-08-06 14:37:34;98067049;41.47562;43.27747;-2884;19580;6
Облако-облако;2023-08-06 14:37:37;402796313;41.88887;42.6333;5083;5546;8
Облако-облако;2023-08-06 14:37:51;169113886;41.8857;42.62326;5363;3150;7
Облако-облако;2023-08-06 14:37:54;21193030;41.46568;43.26158;-3185;10687;5
Облако-облако;2023-08-06 14:37:57;494749676;41.46877;43.28041;-3578;19281;5
Облако-земля;2023-08-06 14:38:00;498403452;41.88734;42.63044;-6300;0;8
Облако-облако;2023-08-06 14:38:03;460711563;41.52814;43.40984;-6132;7206;10
Облако-облако;2023-08-06 14:38:04;1981018;41.6762299;43.23814;-2610;15921;8
Облако-облако;2023-08-06 14:38:08;437348640;41.00499;43.61834;-4394;7142;8
Облако-облако;2023-08-06 14:38:19;980887762;41.15788;43.69455;-7772;6305;10
Облако-облако;2023-08-06 14:38:25;855076635;41.64725;43.54958;-10125;5667;14
Облако-земля;2023-08-06 14:38:31;504926530;41.55983;42.49953;-10868;0;13
Облако-облако;2023-08-06 14:38:35;368131625;41.47464;43.28079;-3577;16704;7
Облако-облако;2023-08-06 14:38:37;639840398;41.79571;42.42395;3141;5984;6
Облако-земля;2023-08-06 14:38:40;393866270;41.88967;42.64769;-16722;0;17
Облако-облако;2023-08-06 14:38:40;330630103;41.99094;42.65975;-4898;3859;10
Облако-облако;2023-08-06 14:38:55;457434791;41.48397;42.01798;-10524;11121;10
Облако-облако;2023-08-06 14:38:55;458011633;41.3962;42.11359;-4476;3463;11
Облако-облако;2023-08-06 14:38:57;819848185;41.53633;43.25128;-2126;15621;5
Облако-облако;2023-08-06 14:39:04;666777687;41.4729699;43.25751;-2658;16674;5
Облако-земля;2023-08-06 14:39:13;934494377;41.49233;43.29884;-3261;0;6
Облако-земля;2023-08-06 14:39:20;283320155;41.89101;42.64582;-11337;0;14
Облако-облако;2023-08-06 14:39:20;292231523;42.01431;42.65814;4630;4679;8
Облако-облако;2023-08-06 14:39:36;968166820;41.4383;43.27212;2864;12919;6
Облако-облако;2023-08-06 14:39:36;485795284;41.8821;42.65162;3452;19600;6
Облако-облако;2023-08-06 14:39:43;445541281;41.55375;43.37348;-5775;16291;14
Облако-облако;2023-08-06 14:39:50;253528443;41.54066;43.34035;-4320;12057;11
Облако-земля;2023-08-06 14:39:53;33875035;41.89676;42.65609;-7684;0;13
Облако-облако;2023-08-06 14:39:54;797717774;41.61289;43.3607;-5318;6193;6
Облако-земля;2023-08-06 14:39:59;10618960;41.46009;43.2644;-2642;0;5
Облако-облако;2023-08-06 14:40:04;394158787;41.87832;42.65972;3749;14043;6
Облако-облако;2023-08-06 14:40:04;209839771;41.68312;43.2765;-10852;3015;8
Облако-земля;2023-08-06 14:40:20;351807669;41.88519;42.62168;-9338;0;14
Облако-облако;2023-08-06 14:40:28;946868741;41.87151;42.66682;4573;6774;8
Облако-облако;2023-08-06 14:40:29;368730471;41.12903;43.5952;-5444;7750;7
Облако-земля;2023-08-06 14:40:32;448131252;41.47903;43.2900599;-4327;0;8
Облако-облако;2023-08-06 14:40:35;275916823;41.52371;43.4540999;-3724;5998;8
Облако-облако;2023-08-06 14:40:36;164049557;41.17242;43.66634;-5662;18499;11
Облако-облако;2023-08-06 14:40:44;578156934;41.4803799;43.4971;-4075;4800;9
Облако-облако;2023-08-06 14:40:49;915759569;41.47352;43.2806799;-3022;16829;5
Облако-земля;2023-08-06 14:40:57;498725288;41.88251;42.65082;-10690;0;14
Облако-облако;2023-08-06 14:40:58;409881497;41.46928;43.292;-3205;17538;5
Облако-облако;2023-08-06 14:41:04;67957597;41.61921;43.35669;-3043;16315;6
Облако-облако;2023-08-06 14:41:15;95694362;41.47376;43.29164;-2620;12176;5
Облако-земля;2023-08-06 14:41:23;540929536;41.88004;42.63915;-9203;0;16
Облако-облако;2023-08-06 14:41:23;439197751;41.91879;42.75016;-7324;3000;7
Облако-облако;2023-08-06 14:41:32;612743452;41.23139;43.68237;-3175;3407;9
Облако-облако;2023-08-06 14:41:38;588447138;41.7999099;42.42504;-5839;17408;10
Облако-облако;2023-08-06 14:41:39;496296208;41.50477;43.29367;-4024;12844;7
Облако-земля;2023-08-06 14:42:21;382636058;41.89045;42.65354;-16700;0;14
Облако-облако;2023-08-06 14:42:30;585368999;41.47166;43.30818;5957;10532;11
Облако-облако;2023-08-06 14:42:31;394846457;41.09869;43.48704;-5127;11063;8
Облако-облако;2023-08-06 14:42:34;841719431;41.52755;43.4803;-5850;7532;8
Облако-облако;2023-08-06 14:42:39;802232014;41.8752;42.65507;-3828;5222;7
Облако-земля;2023-08-06 14:42:59;342102745;41.4903;43.2492;-3294;0;6
Облако-облако;2023-08-06 14:43:04;607234684;41.1536199;43.53041;-2574;18813;5
Облако-облако;2023-08-06 14:43:06;77962115;41.46629;43.29587;-2707;8990;6
Облако-облако;2023-08-06 14:43:08;842612608;41.42835;43.397;-6107;7285;11
Облако-облако;2023-08-06 14:43:11;446345156;41.67476;43.43919;-10607;7568;12
Облако-облако;2023-08-06 14:43:11;457434737;41.73004;43.24142;-3149;14327;7
Облако-облако;2023-08-06 14:43:17;656428583;41.69483;43.45048;-7513;7537;14
Облако-облако;2023-08-06 14:43:35;103851220;41.43755;43.42488;5305;5781;9
Облако-земля;2023-08-06 14:43:48;870470744;41.87909;42.59992;-12669;0;14
Облако-облако;2023-08-06 14:43:55;614777783;41.43123;42.08307;7593;7633;7
Облако-земля;2023-08-06 14:43:55;724541115;41.43857;42.22642;-15036;0;13
Облако-облако;2023-08-06 14:43:55;569225639;41.72105;43.25092;-6972;6141;10
Облако-облако;2023-08-06 14:44:01;423210742;41.46011;43.31557;-2823;17148;5
Облако-облако;2023-08-06 14:44:05;705155586;41.48964;43.25804;-2036;16798;5
Облако-облако;2023-08-06 14:44:06;925278154;41.2364;43.59816;-6475;6522;10
Облако-облако;2023-08-06 14:44:19;68648878;41.87388;42.6595;8770;3003;15
Облако-облако;2023-08-06 14:44:27;894235885;41.56013;43.28268;-3586;17916;7
Облако-облако;2023-08-06 14:44:34;83923775;41.4135;43.4031499;2288;14497;6
Облако-облако;2023-08-06 14:44:45;678107578;41.48133;43.30541;3981;11606;6
Облако-земля;2023-08-06 14:44:49;29459306;41.89006;42.63768;-7640;0;14
Облако-облако;2023-08-06 14:44:49;978872418;41.45821;43.30239;-3243;17337;5
Облако-земля;2023-08-06 14:44:55;422218300;41.40552;43.44085;-6041;0;10
Облако-облако;2023-08-06 14:45:06;908581210;41.47383;43.29981;-2488;17981;6
Облако-облако;2023-08-06 14:45:17;321727432;41.8278;43.27734;-6728;4681;13
Облако-облако;2023-08-06 14:45:17;305841138;41.74604;43.21379;-4152;8631;7
Облако-облако;2023-08-06 14:45:22;361749049;41.87384;42.6567999;3078;14078;5
Облако-облако;2023-08-06 14:45:27;167552594;41.52125;43.29793;-4260;18806;6
Облако-земля;2023-08-06 14:45:38;301524198;41.2102;43.60882;-3764;0;7
Облако-облако;2023-08-06 14:45:43;308106909;41.21532;43.70015;-3059;9876;7
Облако-облако;2023-08-06 14:45:51;26030058;41.68848;43.23597;-2800;10717;7
Облако-земля;2023-08-06 14:45:52;707394543;41.87775;42.59198;-14619;0;13
Облако-облако;2023-08-06 14:45:53;804942738;41.34858;42.19871;-2740;14498;7
Облако-облако;2023-08-06 14:45:55;874328187;41.03859;43.34804;5084;3003;12
Облако-земля;2023-08-06 14:46:00;212795124;41.62504;43.21347;-6815;0;17
Облако-облако;2023-08-06 14:46:00;177759695;41.66495;43.3516;-17349;17521;8
Облако-облако;2023-08-06 14:46:00;162187621;41.56452;43.41509;-10621;12369;9
Облако-облако;2023-08-06 14:46:03;697156821;41.57778;43.34924;-3046;4274;6
Облако-облако;2023-08-06 14:46:04;527084293;41.40999;43.3807199;-2752;3025;9
Облако-облако;2023-08-06 14:46:11;767378325;41.5066;43.29557;-2997;3825;7
Облако-облако;2023-08-06 14:46:11;498278268;41.17808;43.62456;-3876;18323;10
Облако-земля;2023-08-06 14:46:11;347450955;41.36795;43.44189;-2865;0;5
Облако-облако;2023-08-06 14:46:18;549756598;41.49697;43.29865;-2175;16618;5
Облако-облако;2023-08-06 14:46:22;553381641;41.49923;43.30046;-2714;9243;6
Облако-облако;2023-08-06 14:46:23;686343447;41.69649;43.18953;-4725;5614;8
Облако-облако;2023-08-06 14:46:26;651648450;41.4361;43.40896;-4437;16591;7
Облако-облако;2023-08-06 14:46:37;667704587;41.6023;43.20591;-2622;9774;5
Облако-облако;2023-08-06 14:46:39;614839759;41.23877;43.54318;-4717;10296;7
Облако-облако;2023-08-06 14:46:43;206654527;41.90105;42.6632;-3412;14057;6
Облако-облако;2023-08-06 14:46:46;803582673;41.42358;43.39248;-2757;19989;7
Облако-облако;2023-08-06 14:46:48;21372499;41.53931;43.32792;-3013;11296;5
Облако-облако;2023-08-06 14:46:50;42321613;41.54219;43.49872;-4385;3005;9
Облако-облако;2023-08-06 14:46:55;371917459;41.53987;43.2649199;-2965;12938;7
Облако-облако;2023-08-06 14:47:15;182341843;41.68293;43.44633;-5079;13535;15
Облако-облако;2023-08-06 14:47:15;143095463;41.57383;43.36715;-3896;5066;6
Облако-земля;2023-08-06 14:47:21;861458357;41.79873;42.44117;-8786;0;12
Облако-облако;2023-08-06 14:47:29;470144670;41.59419;43.20038;-3466;9508;9
Облако-земля;2023-08-06 14:47:35;213557373;41.86566;42.6115799;-12381;0;12
Облако-земля;2023-08-06 14:47:38;348204536;41.42334;43.3968;-3159;0;5
Облако-облако;2023-08-06 14:47:43;378915248;41.65542;43.23079;-3109;10537;7
Облако-облако;2023-08-06 14:47:50;749391391;41.48276;43.30691;-2595;16713;5
Облако-облако;2023-08-06 14:48:01;522297651;41.1011;43.45443;-3534;10097;8
Облако-облако;2023-08-06 14:48:01;525875007;41.21031;43.43753;-7079;18074;7
Облако-земля;2023-08-06 14:48:01;655139016;41.1179;43.60692;3915;0;9
Облако-земля;2023-08-06 14:48:03;281564446;41.90933;42.6412199;-8686;0;11
Облако-облако;2023-08-06 14:48:03;282223901;41.81331;42.6806399;-4374;5669;6
Облако-облако;2023-08-06 14:48:14;124658413;41.62567;43.20474;4349;3528;10
Облако-облако;2023-08-06 14:48:17;818394942;41.51465;43.30956;-4971;11962;5
Облако-облако;2023-08-06 14:48:21;761328298;41.4911;43.3078999;-3693;16686;5
Облако-облако;2023-08-06 14:48:25;463041430;41.51081;43.3036699;-5743;6696;10
Облако-облако;2023-08-06 14:48:33;580476044;41.49611;43.32612;-2703;16373;5
Облако-облако;2023-08-06 14:48:42;867109541;41.45375;43.31627;-3019;9127;6
Облако-облако;2023-08-06 14:48:44;855408218;41.63311;43.45733;-4166;6436;8
Облако-облако;2023-08-06 14:48:44;119065340;41.27155;43.46119;-4567;5396;7
Облако-облако;2023-08-06 14:48:44;107766154;41.15837;43.5141599;-3666;19502;5
Облако-облако;2023-08-06 14:48:58;879735421;42.00352;42.6521199;-2743;3008;9
Облако-облако;2023-08-06 14:48:58;238469549;41.55647;43.41371;-3705;19652;7
Облако-земля;2023-08-06 14:48:59;7881119;41.88949;42.69644;-15947;0;18
Облако-облако;2023-08-06 14:49:09;87553265;41.12545;43.65304;-10410;7121;8
Облако-облако;2023-08-06 14:49:09;68453666;41.08612;43.48005;-6287;12606;13
Облако-облако;2023-08-06 14:49:13;715230446;41.73631;43.24162;3744;11486;6
Облако-облако;2023-08-06 14:49:18;278223362;41.49154;43.34405;-3083;5604;5
Облако-земля;2023-08-06 14:49:23;757376847;41.89427;42.65748;-9134;0;12
Облако-облако;2023-08-06 14:49:23;940425920;41.46285;43.30848;-3538;9120;7
Облако-земля;2023-08-06 14:49:28;575799750;41.51601;43.34626;-3083;0;6
Облако-облако;2023-08-06 14:49:48;350760340;41.4037;42.09944;4163;17417;7
Облако-облако;2023-08-06 14:49:57;329751712;41.46062;43.56785;-3656;13634;7
Облако-земля;2023-08-06 14:50:00;820519265;41.90678;42.63781;-14522;0;14
Облако-облако;2023-08-06 14:50:04;180037411;41.80538;42.44914;4977;3168;7
Облако-облако;2023-08-06 14:50:11;482545230;41.03191;43.50298;-3033;19805;7
Облако-облако;2023-08-06 14:50:15;14468269;41.5590199;43.25559;-2889;5803;8
Облако-земля;2023-08-06 14:50:20;605570075;41.1942499;43.61699;-8543;0;12
Облако-облако;2023-08-06 14:50:20;409730776;41.23144;43.75549;-10839;5865;12
Облако-облако;2023-08-06 14:50:20;96962520;41.59333;43.40407;-2861;16253;9
Облако-земля;2023-08-06 14:50:21;703964633;41.59606;43.23419;-9015;0;13
Облако-облако;2023-08-06 14:50:39;333085083;41.40271;43.39043;-2696;19836;5
Облако-земля;2023-08-06 14:50:39;98202201;41.53631;43.30069;-6331;0;8
Облако-облако;2023-08-06 14:50:42;326932272;41.16616;43.42535;-3626;18003;6
Облако-земля;2023-08-06 14:50:43;960601146;41.89818;42.64426;-13827;0;14
Облако-облако;2023-08-06 14:50:49;3277804;41.40885;43.43117;-2512;12052;6
Облако-земля;2023-08-06 14:50:52;993652129;41.75855;43.18888;-4368;0;10
Облако-облако;2023-08-06 14:50:54;892696609;41.52369;43.32837;-4025;11949;7
Облако-облако;2023-08-06 14:50:57;387554340;41.07467;43.56408;-3424;15361;7
Облако-земля;2023-08-06 14:51:03;390439718;41.47776;43.31293;-6762;0;12
Облако-облако;2023-08-06 14:51:06;967645314;41.18192;43.50647;-3260;12966;5
Облако-земля;2023-08-06 14:51:12;915372784;41.60926;43.22152;-3684;0;8
Облако-земля;2023-08-06 14:51:17;839833966;41.41577;42.07359;-11053;0;13
Облако-облако;2023-08-06 14:51:28;328086810;41.88957;42.65781;4484;16706;6
Облако-облако;2023-08-06 14:51:36;323702112;41.15632;43.66133;-7111;4650;10
Облако-земля;2023-08-06 14:51:48;324794372;41.56162;43.3205699;-4512;0;6
Облако-облако;2023-08-06 14:52:04;862831910;41.4508;43.4328999;-4464;11793;9
Облако-облако;2023-08-06 14:52:05;90691848;41.56767;43.37298;-3747;5474;7
Облако-облако;2023-08-06 14:52:08;409754560;41.06392;43.48495;5220;16804;7
Облако-облако;2023-08-06 14:52:12;951008622;41.1600899;43.53277;-3016;16161;6
Облако-облако;2023-08-06 14:52:17;116509410;41.74442;43.23239;-5757;4133;12
Облако-облако;2023-08-06 14:52:54;746602091;41.98861;42.65176;-4416;18845;7
Облако-земля;2023-08-06 14:52:54;757232003;41.88188;42.63665;-6637;0;12
Облако-облако;2023-08-06 14:53:15;197142088;41.81196;42.36548;-2800;9317;6
Облако-облако;2023-08-06 14:53:17;781133948;41.01607;43.51854;-3095;11798;6
Облако-облако;2023-08-06 14:53:19;889999740;41.47737;43.30565;-3634;6300;7
Облако-облако;2023-08-06 14:53:25;231560088;41.15629;43.59307;-3074;11775;7
Облако-облако;2023-08-06 14:53:40;332948030;41.15412;43.51747;-8194;12748;12
Облако-облако;2023-08-06 14:53:40;423275417;41.22997;43.67239;-10685;6288;8
Облако-облако;2023-08-06 14:53:54;612248254;41.5951;43.23917;-3112;17378;8
Облако-облако;2023-08-06 14:53:59;160429222;41.5835;43.3996;-2134;9578;5
Облако-облако;2023-08-06 14:54:02;627578402;41.7488699;43.24237;4345;9929;12
Облако-облако;2023-08-06 14:54:09;482650032;41.03877;43.51477;5401;3710;12
Облако-облако;2023-08-06 14:54:29;522724669;41.53986;43.31306;1982;3000;5
Облако-облако;2023-08-06 14:54:32;591924508;41.08014;43.48242;3774;16175;10
Облако-облако;2023-08-06 14:54:33;852381594;41.23846;43.73724;-23310;5898;14
Облако-облако;2023-08-06 14:54:48;25239097;41.59661;43.24171;3756;9611;7
Облако-облако;2023-08-06 14:55:00;621598718;41.06092;43.57202;-4546;15771;7
Облако-облако;2023-08-06 14:55:01;285598611;41.10907;43.46838;4083;13060;6
Облако-земля;2023-08-06 14:55:08;296434000;41.74669;43.2547;9641;0;5
Облако-земля;2023-08-06 14:55:08;337666076;41.89393;42.67076;10687;0;15
Облако-облако;2023-08-06 14:55:15;197494911;41.44482;43.29971;-4528;5378;11
Облако-земля;2023-08-06 14:55:15;191668142;41.57973;43.1596199;-4227;0;10
Облако-облако;2023-08-06 14:55:20;233504579;41.12197;43.5018699;-7681;15275;7
Облако-облако;2023-08-06 14:55:20;238654063;41.00861;43.53132;-3165;13288;7
Облако-облако;2023-08-06 14:55:32;454347865;41.12549;43.55516;2570;14585;6
Облако-облако;2023-08-06 14:55:43;340756049;41.61187;43.36188;-2649;12585;7
Облако-облако;2023-08-06 14:55:47;704103277;41.1732299;43.63841;-4971;10164;11
Облако-облако;2023-08-06 14:55:59;212299701;41.16073;43.54505;3852;18734;6
Облако-облако;2023-08-06 14:56:01;859171980;41.59623;43.3875;-2459;8716;5
Облако-облако;2023-08-06 14:56:15;123320750;41.56682;43.42377;-2984;6531;6
Облако-земля;2023-08-06 14:56:37;321875085;41.0858;43.45107;8569;0;12
Облако-облако;2023-08-06 14:56:44;901646818;41.58788;43.42153;-2129;15976;5
Облако-земля;2023-08-06 14:56:45;840285080;41.21064;43.77763;-9707;0;14
Облако-земля;2023-08-06 14:57:01;878817345;41.90411;42.64566;-11984;0;12
Облако-облако;2023-08-06 14:57:07;449900607;41.56177;43.40531;-3252;9258;6
Облако-облако;2023-08-06 14:57:12;929413765;41.48372;43.3049899;-4670;4977;9
Облако-облако;2023-08-06 14:57:13;433236065;41.0800399;43.567;-2423;10156;6
Облако-облако;2023-08-06 14:57:34;239297963;41.07218;43.49966;-2960;19098;6
Облако-облако;2023-08-06 14:57:35;184745121;41.20765;43.44623;-3163;15468;8
Облако-облако;2023-08-06 14:57:35;175110508;41.00367;43.53901;-3777;17222;6
Облако-облако;2023-08-06 14:57:35;182233065;41.05297;43.63995;-6166;4231;8
Облако-облако;2023-08-06 14:57:43;614321173;41.63105;43.28902;-3613;19853;7
Облако-облако;2023-08-06 14:57:52;95560448;41.16709;43.62727;-4613;11752;9
Облако-облако;2023-08-06 14:57:53;837407726;41.55689;43.32003;-3395;9139;8
Облако-облако;2023-08-06 14:58:04;668645636;41.06727;43.5154;-4787;7002;10
Облако-облако;2023-08-06 14:58:08;254143177;41.49395;43.40533;2151;8484;7
Облако-облако;2023-08-06 14:58:37;862822795;41.47834;43.319;-5519;17669;8
Облако-облако;2023-08-06 14:58:40;827251326;41.56375;43.43232;-2785;9713;6
Облако-земля;2023-08-06 14:58:48;96388300;41.37561;42.03832;-39039;0;14
Облако-облако;2023-08-06 14:58:54;328978584;41.53586;43.34641;2887;17116;6
Облако-облако;2023-08-06 14:58:54;297591423;41.6245199;43.28839;-2447;14684;6
Облако-облако;2023-08-06 14:58:56;68238006;41.01995;43.54963;-2766;13348;8
Облако-облако;2023-08-06 14:58:56;57008195;41.07547;43.67306;-9002;5379;7
Облако-облако;2023-08-06 14:59:08;745613678;41.50676;43.4674;-2411;9450;6
Облако-облако;2023-08-06 14:59:30;937986917;41.09167;43.46066;-4806;11865;10
Облако-облако;2023-08-06 14:59:57;433019157;41.60607;43.2024;4793;7650;8
Облако-облако;2023-08-06 15:00:03;152611385;41.20776;43.45331;-3553;16849;7
Облако-облако;2023-08-06 15:00:03;141384081;41.11834;43.6126999;-18551;5497;7
Облако-облако;2023-08-06 15:00:13;426671321;41.2243;43.76972;-6561;4577;10
Облако-облако;2023-08-06 15:00:13;459769532;41.27085;43.56674;-3126;4822;7
Облако-облако;2023-08-06 15:00:13;428747340;41.17805;43.61244;-3628;18241;6
Облако-земля;2023-08-06 15:00:28;449454614;41.53034;42.4066;14155;0;16
Облако-облако;2023-08-06 15:00:37;716971590;41.46127;43.4213499;2711;14816;5
Облако-облако;2023-08-06 15:00:45;882644636;41.52126;43.36074;-5981;9571;11
Облако-облако;2023-08-06 15:01:10;576839373;41.21213;43.69014;-4173;3012;10
Облако-земля;2023-08-06 15:01:10;609381740;41.14987;43.55196;-3608;0;7
Облако-облако;2023-08-06 15:01:44;529485038;41.53752;43.40888;-4043;11829;8
Облако-земля;2023-08-06 15:01:44;144430878;41.02025;43.54347;-5453;0;11
Облако-облако;2023-08-06 15:01:44;156021583;41.0657799;43.67562;-5953;3015;11
Облако-облако;2023-08-06 15:01:44;160715954;41.12397;43.42293;-4823;13211;10
Облако-земля;2023-08-06 15:01:53;39708437;41.42347;42.1197299;-5147;0;13
Облако-облако;2023-08-06 15:02:00;812425903;41.5364;43.4865;-5805;6385;11
Облако-облако;2023-08-06 15:02:01;60779237;41.5012;43.34588;-4928;3016;7
Облако-земля;2023-08-06 15:02:30;848502235;41.58742;43.40124;-8142;0;7
Облако-земля;2023-08-06 15:02:37;677356432;41.1478899;43.58034;-10413;0;10
Облако-облако;2023-08-06 15:02:37;217905231;41.1818;43.75134;-6854;5165;13
Облако-облако;2023-08-06 15:02:42;146478881;41.0038;43.53512;2521;17222;7
Облако-облако;2023-08-06 15:02:59;975937332;41.49872;43.47984;-4564;3132;9
Облако-земля;2023-08-06 15:03:08;249891529;41.57637;43.39199;-5359;0;11
Облако-земля;2023-08-06 15:03:34;942757538;41.17098;43.57074;-14875;0;14
Облако-облако;2023-08-06 15:03:47;381009941;41.05348;43.54518;-5170;16034;10
Облако-земля;2023-08-06 15:04:19;904278474;41.07372;43.52191;-5184;0;11
Облако-земля;2023-08-06 15:04:21;336904795;41.54787;43.36743;-4340;0;8
Облако-земля;2023-08-06 15:04:54;278166772;41.16454;43.55982;-7728;0;15
Облако-облако;2023-08-06 15:04:54;7770799;41.2351699;43.4243;-4407;10835;10
Облако-облако;2023-08-06 15:05:15;758480691;41.07456;43.52114;2467;17312;5
Облако-земля;2023-08-06 15:05:23;938059387;41.49976;43.34317;-14793;0;14
Облако-облако;2023-08-06 15:05:45;312597166;41.57047;43.58243;-3868;5994;10
Облако-земля;2023-08-06 15:05:51;627344473;41.06094;43.55478;-10266;0;9
Облако-земля;2023-08-06 15:06:34;596089224;41.04655;43.52386;-9615;0;15
Облако-земля;2023-08-06 15:06:34;452866626;41.10938;43.69975;8507;0;10
Облако-облако;2023-08-06 15:06:39;252827469;41.6413;43.39492;-3146;13951;7
Облако-земля;2023-08-06 15:07:02;147565755;41.09724;43.58148;-14149;0;13
Облако-облако;2023-08-06 15:07:32;832515918;41.71313;43.22402;6915;15085;12
Облако-земля;2023-08-06 15:07:33;706710632;41.12964;43.58312;-11790;0;16
Облако-облако;2023-08-06 15:07:33;420813696;41.23051;43.5253299;-4153;17039;7
Облако-облако;2023-08-06 15:08:17;727914316;41.69177;43.34686;-3961;10859;8
Облако-облако;2023-08-06 15:08:17;721441191;41.64468;43.55533;-5002;3014;9
Облако-облако;2023-08-06 15:08:18;85078350;41.5972;43.37513;-5402;19773;9
Облако-земля;2023-08-06 15:08:30;688114750;41.06332;43.52651;-4808;0;8
Облако-земля;2023-08-06 15:08:48;281692388;41.1038799;43.55635;-12967;0;14
Облако-земля;2023-08-06 15:09:05;588612326;41.03093;43.59832;-7853;0;7
Облако-облако;2023-08-06 15:09:21;124522413;41.54703;43.37746;-2744;8882;6
Облако-земля;2023-08-06 15:09:38;568832979;41.09884;43.5502899;-10485;0;10
Облако-земля;2023-08-06 15:10:05;248674379;41.11944;43.5712199;-10503;0;13
Облако-земля;2023-08-06 15:10:26;840247044;41.17071;43.6374799;13472;0;15
Облако-облако;2023-08-06 15:11:16;315486947;41.69007;43.22428;3227;14887;6
Облако-облако;2023-08-06 15:11:30;118459923;41.12334;43.56975;-3169;17311;6
Облако-облако;2023-08-06 15:12:19;564552566;41.20415;43.7396;-3045;11931;8
Облако-земля;2023-08-06 15:12:23;825597001;41.10249;43.58899;-10652;0;13
Облако-земля;2023-08-06 15:12:33;489207019;41.59511;43.39329;-9754;0;12
Облако-облако;2023-08-06 15:12:34;584105999;41.1281899;43.55469;-3839;15941;7
Облако-облако;2023-08-06 15:12:49;858006280;41.20098;43.67612;-2618;11978;6
Облако-облако;2023-08-06 15:13:00;21450093;41.19817;43.6308099;-4323;3063;7
Облако-земля;2023-08-06 15:13:02;441376069;41.08413;43.59302;-6621;0;10
Облако-земля;2023-08-06 15:13:20;484689885;41.59446;43.38827;-5262;0;9
Облако-земля;2023-08-06 15:13:36;854309611;41.11566;43.59289;-5560;0;8
Облако-облако;2023-08-06 15:13:50;400139934;41.2984099;43.58381;-3392;3043;6
Облако-облако;2023-08-06 15:13:51;147092522;41.18376;43.5572;-4779;13283;6
Облако-земля;2023-08-06 15:14:15;7273138;41.2082;43.67839;30567;0;14
Облако-облако;2023-08-06 15:14:16;267910941;41.13027;43.55938;6123;10353;10
Облако-земля;2023-08-06 15:14:50;199789032;41.1091399;43.56476;-3485;0;6
Облако-облако;2023-08-06 15:14:50;880241648;41.57435;43.4228;-4188;16244;6
Облако-облако;2023-08-06 15:15:00;538371068;41.09275;43.55193;-3372;15242;7
Облако-облако;2023-08-06 15:15:29;404392572;41.09767;43.5635;-5806;19713;5
Облако-облако;2023-08-06 15:15:35;236308203;41.06944;43.66472;-4207;12272;8
Облако-облако;2023-08-06 15:15:35;94754516;41.14595;43.82389;-5069;6177;11
Облако-облако;2023-08-06 15:15:55;412931508;41.1839;43.51525;5108;9043;6
Облако-земля;2023-08-06 15:16:04;846752266;41.10132;43.52964;-5365;0;9
Облако-облако;2023-08-06 15:16:10;614676873;41.20843;43.48767;5163;12785;6
Облако-земля;2023-08-06 15:16:27;703139243;41.59816;43.35649;-11002;0;15
Облако-облако;2023-08-06 15:16:29;971919679;41.09686;43.6068;5054;11595;9
Облако-земля;2023-08-06 15:17:06;493436367;41.15537;43.64515;-9783;0;13
Облако-облако;2023-08-06 15:17:29;982953856;41.1312799;43.53933;-2124;11583;5
Облако-облако;2023-08-06 15:17:37;381512001;41.06515;43.56431;4612;11704;8
Облако-облако;2023-08-06 15:17:48;827359914;41.14716;43.65193;-3073;14396;7
Облако-земля;2023-08-06 15:18:09;864989727;41.49544;43.48571;-7814;0;10
Облако-земля;2023-08-06 15:18:11;147950000;41.6866;43.2425;21600;0;9
Облако-земля;2023-08-06 15:18:12;716288494;41.07143;43.6198;-6363;0;7
Облако-облако;2023-08-06 15:18:45;62878919;41.2097;43.5128;-3402;13792;6
Облако-облако;2023-08-06 15:18:55;611699619;41.16904;43.55973;-3864;7621;7
Облако-облако;2023-08-06 15:19:16;722749100;41.15049;43.64496;-3053;19926;5
Облако-облако;2023-08-06 15:19:47;895401064;41.09969;43.57689;2763;16553;5
Облако-облако;2023-08-06 15:19:57;814343101;41.57387;43.43199;2995;11105;6
Облако-облако;2023-08-06 15:20:06;506358323;41.26053;43.5802;-3978;14126;7
Облако-облако;2023-08-06 15:20:41;613717288;41.0609899;43.59148;3023;3897;6
Облако-земля;2023-08-06 15:20:44;497581403;41.14765;43.67403;-3770;0;6
Облако-земля;2023-08-06 15:21:15;887564144;41.60638;43.43888;-8436;0;13
Облако-облако;2023-08-06 15:21:16;442918959;41.56362;43.61169;3306;18412;6
Облако-облако;2023-08-06 15:21:30;821194792;41.25647;43.77855;-3307;15770;7
Облако-земля;2023-08-06 15:21:30;599896907;41.25772;43.51142;-4884;0;9
Облако-облако;2023-08-06 15:21:49;781034079;41.14672;43.65122;-3617;10310;7
Облако-облако;2023-08-06 15:21:51;954234496;41.07562;43.67456;-5435;3178;9
Облако-облако;2023-08-06 15:22:18;915781855;41.29546;43.57258;-5007;17579;7
Облако-облако;2023-08-06 15:22:19;312434941;41.21385;43.85798;-5095;4065;7
Облако-облако;2023-08-06 15:22:23;670665278;41.10049;43.59452;-3119;18938;6
Облако-облако;2023-08-06 15:22:55;55295981;41.10278;43.57121;4042;15649;5
Облако-земля;2023-08-06 15:23:56;968019908;41.5629;43.426;-11448;0;12
Облако-облако;2023-08-06 15:24:10;492557911;41.15397;43.66776;-2923;19810;5
Облако-облако;2023-08-06 15:24:37;811573490;41.06603;43.71514;-3871;4509;7
Облако-облако;2023-08-06 15:25:34;776328739;41.17019;43.65398;-5854;13645;14
Облако-облако;2023-08-06 15:26:01;921414053;41.07569;43.68162;-5336;7223;7
Облако-облако;2023-08-06 15:26:17;519220698;41.57768;43.42138;5487;12102;9
Облако-земля;2023-08-06 15:26:17;672771606;41.69538;43.44694;-21694;0;14
Облако-облако;2023-08-06 15:26:55;588539151;41.49038;43.59079;-3921;15704;7
Облако-облако;2023-08-06 15:26:56;145970691;41.50477;43.46835;-2678;11588;6
Облако-облако;2023-08-06 15:27:22;603982253;41.10473;43.61853;-4874;18292;7
Облако-облако;2023-08-06 15:28:28;328355207;41.11143;43.6157899;-4826;18554;10
Облако-земля;2023-08-06 15:28:56;689694109;41.51625;43.48945;-21281;0;10
Облако-облако;2023-08-06 15:29:23;638368435;41.1589;43.65236;3392;16735;10
Облако-облако;2023-08-06 15:29:37;543473173;41.0341499;43.7373;-4768;6516;8
Облако-облако;2023-08-06 15:29:40;662374492;41.49189;43.56967;-3720;16779;7
Облако-земля;2023-08-06 15:30:02;647571985;41.15188;43.67222;-12530;0;14
Облако-облако;2023-08-06 15:31:14;124946431;41.5512299;43.71382;-3440;6008;7
Облако-земля;2023-08-06 15:31:16;272705085;41.02505;43.72992;-4453;0;11
Облако-облако;2023-08-06 15:32:24;908697303;41.21196;43.82098;-11067;4768;10
Облако-облако;2023-08-06 15:32:24;930630513;41.24825;43.54229;-4978;19041;10
Облако-земля;2023-08-06 15:32:39;675291874;41.4616;43.57804;-14903;0;14
Облако-земля;2023-08-06 15:33:04;110193177;41.01375;43.77419;-4039;0;6
Облако-облако;2023-08-06 15:33:10;235476428;41.13841;43.71303;-4376;18663;9
Облако-облако;2023-08-06 15:34:06;490564295;41.12932;43.71037;-5193;12847;12
Облако-облако;2023-08-06 15:34:35;563386411;41.0707;43.91533;-5898;3011;12
Облако-облако;2023-08-06 15:35:10;168992801;41.02447;43.78458;2434;6627;7
Облако-земля;2023-08-06 15:35:24;798213911;41.51577;43.51607;9664;0;12
Облако-земля;2023-08-06 15:36:55;708412722;41.4613299;43.63785;11284;0;14
Облако-земля;2023-08-06 15:37:38;503026457;41.1302;43.7000699;-9775;0;12
Облако-облако;2023-08-06 15:38:11;441635685;41.05666;43.7545;6913;3254;8
Облако-облако;2023-08-06 15:38:47;684908249;41.04375;43.77315;5235;7628;8
Облако-земля;2023-08-06 15:39:53;599123977;41.11141;43.65835;17554;0;14
Облако-облако;2023-08-06 15:39:53;728240973;41.11473;43.78884;-4166;5700;12
Облако-земля;2023-08-06 15:40:11;204917571;41.04257;43.84744;-6962;0;10
Облако-облако;2023-08-06 15:42:32;209978605;41.05196;43.86634;-3379;17476;7
Облако-облако;2023-08-06 15:43:35;754480130;41.09652;43.76461;-2929;14286;6
Облако-земля;2023-08-06 15:44:08;290843717;41.20304;43.81591;-10028;0;12
Облако-земля;2023-08-06 15:44:25;736296539;41.47576;43.59561;-13076;0;14
Облако-земля;2023-08-06 15:44:35;26521872;41.03784;43.85629;-4465;0;8
Облако-земля;2023-08-06 15:45:42;529880279;41.12488;43.78111;-7328;0;11
Облако-облако;2023-08-06 15:45:56;745170089;41.18826;43.78793;-3731;19232;6
Облако-земля;2023-08-06 15:46:37;688322224;41.0520799;43.85269;-3082;0;6
Облако-облако;2023-08-06 15:47:52;245361145;41.0057199;43.87497;-1574;19981;5
Облако-облако;2023-08-06 15:48:31;634934831;41.01278;43.86737;-4350;15129;9
Облако-земля;2023-08-06 15:48:32;197168091;41.48889;43.5996;-6605;0;11
Облако-земля;2023-08-06 15:48:39;377658341;41.20135;43.7973799;-7654;0;9
Облако-облако;2023-08-06 15:49:58;236435314;41.11161;43.88567;-5393;18149;6
Облако-облако;2023-08-06 15:50:24;860168395;41.0011;43.93587;4725;6083;7
Облако-земля;2023-08-06 15:50:39;252267643;41.01694;43.82687;-8485;0;10
Облако-земля;2023-08-06 15:50:59;947366617;41.19889;43.77176;-18563;0;15
Облако-облако;2023-08-06 15:51:37;840324170;41.47522;43.61277;-7598;19352;13
Облако-облако;2023-08-06 15:51:53;805856415;41.01422;43.90869;-3104;7495;5
Облако-земля;2023-08-06 15:52:18;567888684;41.01977;43.84608;-3877;0;7
Облако-облако;2023-08-06 15:53:08;546024085;41.0264;43.84312;-2862;18386;5
Облако-облако;2023-08-06 15:54:03;821604620;41.04157;43.89396;3636;11505;7
Облако-облако;2023-08-06 15:54:19;705944206;41.05606;43.8595;-3553;3720;8
Облако-облако;2023-08-06 15:54:44;209706686;41.02136;43.85155;-5096;11810;8
Облако-облако;2023-08-06 15:54:44;204227969;41.18293;43.76813;-3035;15991;6
Облако-облако;2023-08-06 15:54:44;194420363;41.09045;43.92851;-3153;13901;7
Облако-облако;2023-08-06 15:55:34;410275040;41.19768;43.88464;-6381;7746;9
Облако-облако;2023-08-06 15:55:50;529269977;41.0195;43.84921;-3890;11250;7
Облако-облако;2023-08-06 15:56:03;642159882;41.00866;43.91783;-4879;12346;11
Облако-облако;2023-08-06 15:56:14;862127998;41.59738;43.55284;-3213;12611;7
Облако-облако;2023-08-06 15:56:14;861213352;41.48596;43.60746;-5408;9170;7
Облако-облако;2023-08-06 15:56:39;68744623;41.03295;43.92177;-5089;12506;11
Облако-облако;2023-08-06 15:58:46;105248531;41.02243;43.92102;3943;6971;7
Облако-облако;2023-08-06 15:59:09;743998048;41.00612;43.88685;-4978;3074;6
Облако-облако;2023-08-06 15:59:09;840085502;41.09567;44.1822;-3220;3004;7
Облако-земля;2023-08-06 16:02:07;645698247;41.22489;43.82213;-6025;0;12
Облако-облако;2023-08-06 16:03:06;985347198;41.44274;43.5585;-4689;11915;7
Облако-облако;2023-08-06 16:03:43;117004006;41.3298;43.61556;-3206;18503;6
Облако-земля;2023-08-06 16:04:16;894519377;41.0126;43.92854;-7214;0;12
Облако-облако;2023-08-06 16:04:16;727284463;41.0984399;43.86889;-3151;16026;6
Облако-облако;2023-08-06 16:05:12;644882461;41.29909;43.66683;-7986;6882;12
Облако-облако;2023-08-06 16:07:46;700594174;41.31881;43.65053;-3027;18448;7
Облако-облако;2023-08-06 16:08:36;914671732;41.32999;43.62001;5376;6669;9
Облако-облако;2023-08-06 16:08:53;712099540;41.34496;43.70124;3931;16976;8
Облако-облако;2023-08-06 16:09:00;505519777;41.01546;43.92636;-3583;16608;6
Облако-облако;2023-08-06 16:09:00;494416658;41.16416;43.84536;3673;15939;7
Облако-облако;2023-08-06 16:09:19;45327075;41.00071;43.93176;6723;7183;11
Облако-земля;2023-08-06 16:09:19;289511183;41.156;43.8615;-5323;0;7
Облако-облако;2023-08-06 16:10:06;253055759;41.33461;43.6674;6391;9129;10
Облако-земля;2023-08-06 16:10:06;252249046;41.42613;43.51784;-6720;0;12
Облако-земля;2023-08-06 16:10:13;113456703;41.01538;43.94368;-8982;0;11
Облако-облако;2023-08-06 16:11:03;50031125;41.34354;43.6587699;-3540;3054;6
Облако-облако;2023-08-06 16:12:39;388394311;41.33732;43.64699;-2479;14134;5
Облако-земля;2023-08-06 16:12:52;943323014;41.02378;43.93113;-7698;0;11
Облако-облако;2023-08-06 16:13:17;695614;41.33349;43.69068;3400;9576;9
Облако-земля;2023-08-06 16:13:35;298307406;41.3566;43.73303;-3263;0;8
Облако-земля;2023-08-06 16:14:16;250925143;41.34137;43.6773;-5487;0;7
Облако-облако;2023-08-06 16:15:01;176477564;41.39272;43.71881;6213;7203;10
Облако-земля;2023-08-06 16:15:42;77757617;41.01968;43.94612;-6667;0;15
Облако-облако;2023-08-06 16:15:45;971370962;41.40782;43.64534;-3177;15267;9
Облако-облако;2023-08-06 16:16:14;575583916;41.21165;43.8121099;-2755;14816;7
Облако-земля;2023-08-06 16:17:32;888818297;41.15869;43.76652;-4266;0;10
Облако-облако;2023-08-06 16:17:33;111364067;41.38244;43.73893;-2631;11570;6
Облако-земля;2023-08-06 16:18:44;472757719;41.3817;43.75547;-6315;0;13
Облако-облако;2023-08-06 16:19:44;737286834;41.365;43.79029;4316;4382;7
Облако-облако;2023-08-06 16:19:53;131223094;41.0209;43.8897199;6496;10005;6
Облако-облако;2023-08-06 16:19:53;141751671;41.12812;43.82972;3938;15388;6
Облако-облако;2023-08-06 16:20:12;526211111;41.34746;43.74734;-3783;16310;7
Облако-облако;2023-08-06 16:20:26;323473375;41.36386;43.77306;-2207;9934;5
Облако-облако;2023-08-06 16:20:42;69043703;41.41839;43.73113;-3556;12233;6
Облако-облако;2023-08-06 16:21:07;132835484;41.40878;43.74885;-4129;8232;11
Облако-облако;2023-08-06 16:21:07;134234037;41.49318;43.79769;-4537;6097;11
Облако-облако;2023-08-06 16:21:39;213731269;41.0269;43.8998599;-4243;8905;6
Облако-облако;2023-08-06 16:21:51;293518753;41.40546;43.75786;-3248;13157;8
Облако-облако;2023-08-06 16:23:34;305616539;41.35517;43.69603;-2637;19990;5
Облако-облако;2023-08-06 16:24:03;412064948;41.35321;43.7082;-3365;19990;7
Облако-облако;2023-08-06 16:24:58;935616855;41.39849;43.74469;-4362;10017;10
Облако-земля;2023-08-06 16:25:29;905649114;41.36438;43.70834;-4165;0;9
Облако-облако;2023-08-06 16:25:48;265979249;41.36444;43.71638;-2779;17775;5
Облако-земля;2023-08-06 16:25:59;532272702;41.00978;43.90166;12931;0;7
Облако-облако;2023-08-06 16:26:32;274607153;41.34431;43.75013;5480;3008;7
Облако-облако;2023-08-06 16:26:39;432799601;41.37807;43.70414;2562;15557;5
Облако-облако;2023-08-06 16:27:05;567867519;41.35062;43.73354;-3854;3001;12
Облако-облако;2023-08-06 16:27:13;222138437;41.39003;43.69925;-3588;17917;5
Облако-земля;2023-08-06 16:27:13;316939196;41.52559;43.63528;-4362;0;8
Облако-облако;2023-08-06 16:27:35;602524256;41.3579999;43.71522;-4245;13626;10
Облако-облако;2023-08-06 16:28:05;963103173;41.37854;43.70259;3686;4058;8
Облако-облако;2023-08-06 16:28:08;181391476;41.01231;43.89493;4949;14720;7
Облако-облако;2023-08-06 16:29:01;919827192;41.35255;43.72433;-4474;12611;13
Облако-облако;2023-08-06 16:29:20;299848007;41.54125;43.6225;-3830;12818;7
Облако-облако;2023-08-06 16:29:20;312365226;41.38133;43.7128;-4463;9493;8
Облако-облако;2023-08-06 16:29:45;408501694;41.35703;43.72405;-6530;15524;14
Облако-облако;2023-08-06 16:30:14;211180236;41.36251;43.74328;-2910;18166;5
Облако-облако;2023-08-06 16:30:25;112502614;41.34848;43.6961;-3099;17533;8
Облако-земля;2023-08-06 16:32:03;621973530;41.38741;43.7080399;-4713;0;10
Облако-облако;2023-08-06 16:34:41;86932050;41.3979799;43.77105;6789;9259;11
Облако-облако;2023-08-06 16:34:41;89885846;41.48896;43.85449;-9569;5422;12
Облако-облако;2023-08-06 16:34:50;592944360;41.33229;43.74798;-3731;6512;7
Облако-облако;2023-08-06 16:35:46;755972956;41.49571;43.71287;-3250;13464;6
Облако-облако;2023-08-06 16:37:16;619007112;41.3873;43.74072;-8353;9923;13
Облако-облако;2023-08-06 16:37:16;634917068;41.43488;44.03983;-4036;18125;9
Облако-облако;2023-08-06 16:38:38;699144833;41.4104699;43.78673;8245;3421;11
Облако-облако;2023-08-06 16:39:43;497863456;41.40256;43.76836;-4875;11350;11
Облако-земля;2023-08-06 16:39:48;323626;41.34157;43.74495;-9198;0;12
Облако-облако;2023-08-06 16:42:56;575904757;41.39111;43.78383;-5389;11339;12
Облако-облако;2023-08-06 16:42:56;587166212;41.44454;43.99703;-5981;18728;8
Облако-земля;2023-08-06 16:44:22;429657867;41.41721;43.76656;-4296;0;8
Облако-облако;2023-08-06 16:46:46;957081483;41.39199;43.76388;-8841;12244;13
Облако-облако;2023-08-06 16:46:52;769696444;41.3804299;43.81891;-7215;12644;12
Облако-земля;2023-08-06 16:48:16;366744947;41.379;43.77922;-9670;0;14
Облако-облако;2023-08-06 16:49:34;835429525;41.38768;43.77385;5796;15482;12
Облако-земля;2023-08-06 16:51:05;796777813;41.39457;43.82274;-5921;0;11
Облако-облако;2023-08-06 16:51:05;743249134;41.47167;44.00599;-11542;3824;9
Облако-земля;2023-08-06 16:54:06;161830398;41.44448;43.68264;-21363;0;13
Облако-облако;2023-08-06 16:54:06;43363299;41.38022;43.78914;3765;13745;6
Облако-облако;2023-08-06 16:54:44;753731813;41.4212;43.81321;-3120;11191;6
Облако-земля;2023-08-06 16:56:48;943350461;41.3948899;43.82354;-32059;0;15
