"Тип";"Время";"Наносекунды";"Широта";"Долгота";"Пик";"Высота";"Количествосенсоров"
Облако-земля;"2022-03-03 08:15:46";882728000;41.0723;38.0734;84486;0;10
Облако-земля;"2022-03-03 08:15:47";464007000;41.8283;37.7859;-36436;0;7
Облако-земля;"2022-03-03 08:45:16";315704000;41.2013;38.444;35846;0;7
Облако-облако;"2022-03-03 08:51:20";846288906;41.01955;38.53846;-2812;18327;5
Облако-земля;"2022-03-03 08:55:56";2777000;41.0048;38.3133;-11261;0;7
Облако-земля;"2022-03-03 08:56:37";779385000;41.0688;38.3036;-11473;0;5
Облако-земля;"2022-03-03 08:59:26";825669000;41.12;38.0033;-30386;0;5
Облако-земля;"2022-03-03 09:04:14";489257182;41.15046;38.36965;-18411;0;13
Облако-земля;"2022-03-03 09:04:14";508951000;41.1751;38.3753;-5432;0;7
Облако-земля;"2022-03-03 09:04:14";437727000;41.1464;38.3728;21605;0;6
Облако-облако;"2022-03-03 09:13:20";279555668;41.10766;38.27175;-2837;18648;5
Облако-земля;"2022-03-03 09:13:20";192701000;41.0028;38.5668999;29422;0;7
Облако-облако;"2022-03-03 09:26:15";415384728;41.24196;38.16635;3350;16022;6
Облако-земля;"2022-03-03 09:52:30";155742000;41.0494;38.7590999;-8648;0;6
Облако-земля;"2022-03-03 09:55:51";470700000;41.3929;38.9945;16489;0;5
Облако-земля;"2022-03-03 09:55:51";452248000;41.2143;39.0283;16834;0;6
Облако-земля;"2022-03-03 09:55:51";157704000;41.2656;38.9775;-17123;0;5
Облако-земля;"2022-03-03 09:55:51";138880000;41.3320999;39.0242999;88264;0;6
Облако-земля;"2022-03-03 11:37:02";987022000;41.1315;39.5252;94982;0;5
Облако-облако;"2022-03-03 11:37:03";103737336;41.24389;39.69596;10296;13569;7
Облако-земля;"2022-03-03 11:37:03";139273006;41.05363;39.4658299;-25054;0;9
Облако-земля;"2022-03-03 11:37:03";152210000;41.0385;39.5872;15060;0;5
Облако-земля;"2022-03-03 11:37:03";102628000;41.0826;39.5733;68954;0;7
Облако-земля;"2022-03-03 12:14:38";875573000;42.9218;40.0541;33428;0;5
Облако-земля;"2022-03-03 12:14:38";185267000;43.1534;40.1206;-45283;0;8
Облако-земля;"2022-03-03 12:14:39";840202000;42.865;39.9518;25000;0;7
Облако-земля;"2022-03-03 12:14:39";903479000;42.8688999;39.924;21142;0;9
Облако-земля;"2022-03-03 12:14:39";571766000;42.8526;39.9446;16457;0;6
Облако-земля;"2022-03-03 12:14:39";777870000;42.8528;39.9373;25814;0;6
Облако-земля;"2022-03-03 12:14:39";689566000;42.9138;39.8696;49873;0;11
Облако-земля;"2022-03-03 12:14:39";594672000;42.8521;39.9364;-12981;0;5
Облако-земля;"2022-03-03 12:14:39";524804000;42.8933;39.8847;36154;0;10
Облако-земля;"2022-03-03 12:14:39";544582000;42.8649;39.9161;-12392;0;7
Облако-земля;"2022-03-03 12:14:39";487952000;42.8465;39.9148;20796;0;9
Облако-земля;"2022-03-03 12:14:39";455082000;42.9607;39.9097;35265;0;7
Облако-земля;"2022-03-03 12:38:36";999403000;41.0588;39.9594;-8492;0;8
Облако-земля;"2022-03-03 12:38:36";963311000;41.0514;40.0621;50127;0;11
Облако-облако;"2022-03-03 12:38:37";730478733;41.15085;40.31884;-9272;15746;9
Облако-земля;"2022-03-03 12:38:37";693169585;41.0317099;40.52257;-45870;0;11
Облако-облако;"2022-03-03 12:38:37";791045009;41.42421;40.61465;6585;11752;7
Облако-земля;"2022-03-03 12:38:37";786395000;41.5143;40.5046;-55903;0;6
Облако-земля;"2022-03-03 12:38:37";464604000;41.0345;40.0037;-13973;0;9
Облако-земля;"2022-03-03 12:38:37";864723000;41.1077;40.7813;-9397;0;6
Облако-земля;"2022-03-03 12:38:37";717411000;41.1224;40.2105;-9950;0;7
Облако-земля;"2022-03-03 12:38:37";635492000;41.0638;40.2406999;36673;0;7
Облако-земля;"2022-03-03 12:38:37";640362000;41.0546;40.2224;-10656;0;6
Облако-земля;"2022-03-03 12:38:37";277358000;41.0215;40.0495;-7962;0;7
Облако-земля;"2022-03-03 12:38:37";438636000;41.0578;40.1;17816;0;11
Облако-земля;"2022-03-03 12:38:37";165215000;41.0202;40.0394;23632;0;8
Облако-земля;"2022-03-03 12:38:37";214043000;41.0443;39.9917;16985;0;7
Облако-земля;"2022-03-03 12:50:01";900713000;41.2027;40.3802;-17073;0;5
Облако-земля;"2022-03-03 12:50:01";703622000;41.1378;40.4326;27814;0;6
Облако-земля;"2022-03-03 12:50:02";59402000;41.0446;40.7695;-3137;0;5
Облако-земля;"2022-03-03 12:50:02";65645000;41.6072;40.4307;24065;0;10
Облако-земля;"2022-03-03 13:00:04";549878000;43.302;41.2378;-6051;0;5
Облако-земля;"2022-03-03 13:00:04";518392000;43.304;41.2684;-9271;0;8
Облако-земля;"2022-03-03 15:47:19";920064000;42.9787;42.5304;-8695;0;9
Облако-земля;"2022-03-03 15:47:19";977730000;42.9906999;42.5418;-12944;0;6
Облако-земля;"2022-03-03 15:47:19";882413000;43.0311;42.5454;-13468;0;9
Облако-земля;"2022-03-03 15:47:19";815271000;42.9467;42.5325;-10177;0;9
Облако-облако;"2022-03-03 15:47:20";169920937;42.92696;42.55689;6511;14350;7
Облако-облако;"2022-03-03 15:57:47";500892422;42.63621;44.66786;7210;16554;7
Облако-земля;"2022-03-03 15:57:47";455414000;42.5524;44.4739;-8753;0;8
Облако-земля;"2022-03-03 16:46:16";119990000;43.0035;42.525;-10408;0;8
Облако-земля;"2022-03-03 17:25:29";600713000;42.3119;44.2007;-8691;0;6
Облако-земля;"2022-03-03 17:36:10";607238000;42.5601;44.2399;-2865;0;10
Облако-земля;"2022-03-03 17:43:14";288700000;41.961;43.0153;-7089;0;6
Облако-земля;"2022-03-03 17:43:14";264209000;41.8474;42.9535;-10196;0;8
Облако-облако;"2022-03-03 18:04:32";986827450;42.5098399;45.3350099;10980;16605;9
Облако-облако;"2022-03-03 18:09:31";549368090;42.57886;45.46637;10108;15934;10
Облако-земля;"2022-03-03 18:09:31";468038000;42.5848;45.281;-10728;0;8
Облако-земля;"2022-03-03 18:09:31";426158000;42.6614;45.2305;-12151;0;6
Облако-земля;"2022-03-03 18:09:31";227316000;42.6129;45.2211;-9180;0;7
Облако-земля;"2022-03-03 18:09:31";290711000;42.5341;45.2483;-6181;0;5
Облако-земля;"2022-03-03 18:09:31";251056000;42.5235;45.2268;-8996;0;5
Облако-земля;"2022-03-03 18:09:31";189090000;42.5090999;45.2412;-9731;0;7
Облако-земля;"2022-03-03 18:19:02";254915000;41.1487;42.7584;-12218;0;10
Облако-земля;"2022-03-03 18:22:07";291946154;41.04665;42.82839;-8061;0;10
Облако-облако;"2022-03-03 18:23:39";246065654;41.05952;42.83695;-20259;18708;5
Облако-облако;"2022-03-03 18:28:13";897913246;42.42437;44.94205;9930;11501;10
Облако-облако;"2022-03-03 18:28:13";402351150;42.3847;44.65243;-9475;14365;11
Облако-земля;"2022-03-03 18:28:13";707671000;42.4637;44.815;-14192;0;6
Облако-облако;"2022-03-03 18:31:26";559980651;42.43079;44.90639;7326;10740;8
Облако-земля;"2022-03-03 18:31:26";323843000;42.4366;44.7862;-14189;0;7
Облако-земля;"2022-03-03 18:33:57";919144000;42.423;44.7945;-11004;0;6
Облако-земля;"2022-03-03 18:33:57";887260000;42.4537;44.8339;24316;0;11
Облако-земля;"2022-03-03 18:33:57";412887000;42.4051;44.8349;-12761;0;8
Облако-земля;"2022-03-03 18:33:58";103380698;42.41111;44.96404;-6399;0;9
Облако-земля;"2022-03-03 18:33:58";94758000;42.287;44.7494;34465;0;7
Облако-земля;"2022-03-03 18:37:50";470924071;42.45963;44.99029;-23937;0;15
Облако-земля;"2022-03-03 18:37:50";394632000;42.3489;44.7203;44657;0;8
Облако-земля;"2022-03-03 18:37:50";498394000;42.408;44.7796;-13393;0;6
Облако-земля;"2022-03-03 18:37:50";434917000;42.3063999;44.6801;17427;0;7
Облако-земля;"2022-03-03 18:37:50";142816000;42.4728;44.7954999;-11617;0;5
Облако-облако;"2022-03-03 18:41:01";293280229;42.51761;44.83212;6365;15735;10
Облако-облако;"2022-03-03 18:42:07";955644503;42.52651;44.87449;7743;14111;14
Облако-облако;"2022-03-03 18:45:48";869174762;42.30585;44.59169;11140;18105;6
Облако-земля;"2022-03-03 18:50:06";122505000;42.4321;44.645;-11595;0;6
Облако-земля;"2022-03-03 18:57:11";620020000;42.4602999;44.8624;-7621;0;6
Облако-земля;"2022-03-03 18:57:21";576905148;42.51301;44.6979;-5081;0;9
Облако-земля;"2022-03-03 18:59:14";987880000;41.883;44.7631;29892;0;6
Облако-земля;"2022-03-03 18:59:15";55140000;41.9685;44.8359;-13691;0;6
Облако-земля;"2022-03-03 19:01:33";160234000;42.0210999;44.8175;-7227;0;6
Облако-облако;"2022-03-03 19:06:06";270657494;41.98923;44.96168;22454;18011;9
Облако-земля;"2022-03-03 19:07:49";839245000;42.6567999;44.8243;22848;0;8
Облако-земля;"2022-03-03 19:07:49";417626000;42.555;44.8486;-21660;0;9
Облако-облако;"2022-03-03 19:08:53";309167974;42.4688;44.63818;7733;15139;9
Облако-земля;"2022-03-03 19:08:53";276692000;42.4012;44.6049999;-14510;0;6
Облако-облако;"2022-03-03 19:13:26";887067852;42.58292;44.91721;5578;16835;6
Облако-облако;"2022-03-03 19:17:37";179982285;41.50116;43.30086;16701;14655;11
Облако-земля;"2022-03-03 19:20:48";518730455;41.53085;43.35667;-14623;0;14
Облако-земля;"2022-03-03 19:20:48";464466000;41.4305;43.1739;-74278;0;5
Облако-облако;"2022-03-03 19:22:09";865901652;41.13627;43.22573;7059;14521;8
Облако-земля;"2022-03-03 19:22:09";49797469;41.0887699;43.2305;-167728;0;9
Облако-земля;"2022-03-03 19:31:15";637028776;41.08469;43.29093;-54650;0;10
Облако-земля;"2022-03-03 19:32:23";238267000;42.4357;44.8623;-40432;0;6
Облако-земля;"2022-03-03 19:32:24";376047000;42.258;44.9414;54724;0;7
Облако-земля;"2022-03-03 19:32:24";398572000;42.3164;44.9687;23078;0;5
Облако-облако;"2022-03-03 19:33:47";507754689;42.5038;44.83184;9304;16746;9
Облако-земля;"2022-03-03 19:33:47";243243000;42.617;44.9069999;-10538;0;6
Облако-облако;"2022-03-03 19:36:34";825626791;42.52202;44.84709;7772;10070;9
Облако-земля;"2022-03-03 19:36:34";707927000;42.5796;44.7999;-13518;0;8
Облако-земля;"2022-03-03 19:38:15";979088000;42.2376;45.0514;-72956;0;6
Облако-земля;"2022-03-03 19:38:15";991754000;42.2898;45.0981;-83620;0;13
Облако-земля;"2022-03-03 19:38:16";36703000;42.2785;45.119;-11860;0;9
Облако-облако;"2022-03-03 19:39:47";321855104;42.21454;45.0177;7830;16479;8
Облако-облако;"2022-03-03 19:39:47";1842839;42.29118;45.16503;23437;16836;12
Облако-земля;"2022-03-03 19:39:47";433013000;42.2881;45.1021;-13220;0;9
Облако-земля;"2022-03-03 19:39:47";522512000;42.2376;45.129;-10730;0;6
Облако-земля;"2022-03-03 19:39:47";286345000;42.2633;45.1173;17293;0;7
Облако-облако;"2022-03-03 19:42:13";387778586;42.29956;45.065;15252;16323;12
Облако-земля;"2022-03-03 19:43:29";884875159;42.33174;44.9883499;-7433;0;17
Облако-земля;"2022-03-03 19:43:29";919408000;42.3516;45.0779;-8148;0;5
Облако-земля;"2022-03-03 19:43:29";860887000;42.6139;45.1351;-11675;0;5
Облако-облако;"2022-03-03 19:45:34";825000689;42.34095;45.19104;7234;16621;6
Облако-облако;"2022-03-03 19:46:31";951745845;42.33448;45.1465;6542;12759;10
Облако-облако;"2022-03-03 19:48:25";337589757;42.4700599;45.06281;8286;15540;11
Облако-облако;"2022-03-03 19:49:22";425785373;42.36897;45.2436999;5355;18421;5
Облако-земля;"2022-03-03 19:49:23";147652000;42.3108;44.955;24207;0;6
Облако-земля;"2022-03-03 19:50:43";839707000;42.4165;45.0055;-10206;0;8
Облако-облако;"2022-03-03 19:52:08";787541176;42.6182;45.09662;6733;11844;8
Облако-земля;"2022-03-03 19:55:09";151689000;41.8138999;43.3908;16202;0;8
Облако-облако;"2022-03-03 19:55:09";380166478;41.65523;43.39985;11407;11722;6
Облако-земля;"2022-03-03 19:55:09";183710000;41.6804;43.3943;-9759;0;5
Облако-земля;"2022-03-03 19:55:09";110322000;41.5956;43.3592;-7723;0;5
Облако-облако;"2022-03-03 19:55:09";208570781;41.6913;43.54992;12235;4098;10
Облако-земля;"2022-03-03 19:55:57";212854000;41.4856;43.4842;-10336;0;5
Облако-облако;"2022-03-03 19:56:58";932950210;42.3875699;45.21118;8054;19890;7
Облако-земля;"2022-03-03 19:56:58";872829000;42.5964;45.1133;-11714;0;6
Облако-земля;"2022-03-03 20:03:39";7375000;42.4681;45.205;21807;0;5
Облако-облако;"2022-03-03 20:05:45";31762837;42.31923;45.1018;7909;19917;7
Облако-облако;"2022-03-03 20:08:05";383022646;42.37562;45.19423;8005;9561;13
Облако-земля;"2022-03-03 20:08:05";429730000;42.4186;45.165;15639;0;6
Облако-земля;"2022-03-03 20:08:05";356880000;42.3264;45.1628;20950;0;7
Облако-земля;"2022-03-03 20:08:05";499608000;42.4116;45.2003;-13334;0;5
Облако-облако;"2022-03-03 20:08:15";964183470;42.45258;45.36674;11561;18932;13
Облако-облако;"2022-03-03 20:09:41";400932009;42.42992;45.2871499;7793;17633;10
Облако-земля;"2022-03-03 20:10:25";386632000;42.3614;45.054;-14335;0;9
Облако-земля;"2022-03-03 20:10:25";600186000;42.4046;45.0279;-12833;0;5
Облако-облако;"2022-03-03 20:11:19";275976619;42.43054;45.30052;11339;17987;8
Облако-земля;"2022-03-03 20:12:37";959537000;42.4756;45.3153;16360;0;9
Облако-облако;"2022-03-03 20:13:02";839503059;41.66223;43.44226;3589;15773;7
Облако-облако;"2022-03-03 20:13:02";756981958;41.72862;43.63708;8971;12385;11
Облако-земля;"2022-03-03 20:13:02";811664000;41.7506;43.5522;-13751;0;7
Облако-земля;"2022-03-03 20:13:02";901735000;41.6731;43.5257;-12100;0;6
Облако-земля;"2022-03-03 20:13:02";719296000;41.7045;43.5261;15645;0;11
Облако-земля;"2022-03-03 20:13:03";77265000;41.8744;43.6043;-11973;0;6
Облако-земля;"2022-03-03 20:13:03";31628000;41.7832999;43.5576999;-12537;0;9
Облако-земля;"2022-03-03 20:13:55";771110000;42.5034;45.3226;20189;0;7
Облако-облако;"2022-03-03 20:15:14";570864788;42.45981;45.30016;7694;16814;6
Облако-земля;"2022-03-03 20:15:14";542112000;42.4694999;45.2796;16832;0;7
Облако-облако;"2022-03-03 20:15:57";986019394;42.44349;45.14549;9829;18855;13
Облако-земля;"2022-03-03 20:15:57";954390000;42.4714;45.1418;18491;0;9
Облако-земля;"2022-03-03 20:15:58";37002000;42.4333;45.1717;19369;0;5
Облако-земля;"2022-03-03 20:15:58";453310000;42.5677;45.2068;-14315;0;6
Облако-земля;"2022-03-03 20:16:31";345493000;41.0112;43.9132;-92120;0;11
Облако-облако;"2022-03-03 20:24:04";956224987;42.50139;45.36928;14729;11448;7
Облако-земля;"2022-03-03 20:24:04";314744000;42.4884;44.9289;16794;0;9
Облако-земля;"2022-03-03 20:24:04";281172000;42.5165999;44.9216;-27274;0;8
Облако-земля;"2022-03-03 20:25:05";388859021;41.00636;43.89401;-15264;0;14
Облако-земля;"2022-03-03 20:26:27";372575000;42.1217;46.1046;25105;0;7
Облако-земля;"2022-03-03 20:28:11";360537000;42.453;45.2107;-10813;0;7
Облако-земля;"2022-03-03 20:28:11";326821000;42.6258;45.1013;16458;0;7
Облако-облако;"2022-03-03 20:29:06";939917244;42.18522;46.106;6075;12672;5
Облако-земля;"2022-03-03 20:29:06";620425000;42.1738;46.1175;-72541;0;9
Облако-земля;"2022-03-03 20:29:07";129003000;42.3533;46.1085;17193;0;6
Облако-облако;"2022-03-03 20:31:02";660731550;42.55457;45.06586;8916;18050;7
Облако-земля;"2022-03-03 20:31:02";400757000;42.5082;45.0862;-5330;0;5
Облако-облако;"2022-03-03 20:32:15";672867940;42.19705;46.16648;13483;9033;9
Облако-земля;"2022-03-03 20:32:15";262548000;42.2058;46.1054;-26339;0;9
Облако-земля;"2022-03-03 20:32:15";512069000;42.1853;46.0809;16891;0;10
Облако-земля;"2022-03-03 20:33:17";234044000;41.8686999;44.3452;15606;0;10
Облако-облако;"2022-03-03 20:36:02";520373017;41.84987;44.52784;15864;13142;6
Облако-земля;"2022-03-03 20:37:29";744246000;41.0359;43.8761;-11860;0;7
Облако-земля;"2022-03-03 20:37:29";729626000;41.0834;43.8167;-97324;0;7
Облако-земля;"2022-03-03 20:37:35";899554479;42.19365;46.0664;-23686;0;15
Облако-облако;"2022-03-03 20:37:36";660709728;42.10293;45.80278;6223;11687;5
Облако-облако;"2022-03-03 20:37:36";53367385;42.14475;45.9156199;5956;18638;5
Облако-земля;"2022-03-03 20:37:36";171346000;42.2389;46.0419;-13354;0;6
Облако-земля;"2022-03-03 20:37:36";149815000;42.1849;46.0859;24255;0;5
Облако-земля;"2022-03-03 20:37:36";215749000;42.1217;46.05;24729;0;9
Облако-земля;"2022-03-03 20:37:36";511775000;42.0829;46.042;18058;0;8
Облако-земля;"2022-03-03 20:37:36";436838000;42.1315;46.0411;-12755;0;6
Облако-облако;"2022-03-03 20:40:11";843656957;42.52053;45.23048;9724;17424;11
Облако-земля;"2022-03-03 20:40:11";998496000;42.5186;45.3226;21106;0;8
Облако-земля;"2022-03-03 20:40:11";939864000;42.5324;45.338;29051;0;10
Облако-облако;"2022-03-03 20:41:31";15154643;42.5698099;45.05604;12012;18495;9
Облако-земля;"2022-03-03 20:43:54";470242000;42.3513;46.1926;-11468;0;5
Облако-земля;"2022-03-03 20:43:54";559251000;42.3129;46.177;16710;0;7
Облако-земля;"2022-03-03 20:43:54";453229000;42.3092;46.1734;26544;0;11
Облако-облако;"2022-03-03 20:44:52";564740193;41.56824;43.88876;12290;17692;8
Облако-земля;"2022-03-03 20:44:52";192605000;41.5889;43.7516;-27249;0;6
Облако-земля;"2022-03-03 20:44:52";598076000;41.586;43.8021;-14813;0;10
Облако-земля;"2022-03-03 20:44:52";176584000;41.5274;43.7676;-128918;0;5
Облако-облако;"2022-03-03 20:45:18";185843255;41.56827;44.05603;-26031;13060;12
Облако-земля;"2022-03-03 20:45:18";197080000;41.5474;44.0153;28117;0;6
Облако-облако;"2022-03-03 20:45:32";239790087;42.40199;46.39796;5400;8892;5
Облако-облако;"2022-03-03 20:45:32";156590692;42.3418;46.24495;14642;14418;7
Облако-земля;"2022-03-03 20:45:32";221913000;42.3641999;46.2146;15769;0;8
Облако-земля;"2022-03-03 20:45:32";201578000;42.4201;46.1617;-14409;0;6
Облако-облако;"2022-03-03 20:46:25";484762232;41.56873;44.06812;6721;10902;6
Облако-облако;"2022-03-03 20:46:31";143537686;42.34607;46.21369;6843;17318;6
Облако-облако;"2022-03-03 20:49:06";477974341;42.34764;46.1811999;14137;10279;14
Облако-земля;"2022-03-03 20:49:06";492972000;42.4459;46.1415999;-12481;0;5
Облако-облако;"2022-03-03 20:52:01";861258707;41.77587;44.30117;-4348;15659;6
Облако-облако;"2022-03-03 20:52:01";978229902;41.62698;44.18492;9003;18910;9
Облако-земля;"2022-03-03 20:52:01";854841000;41.7275;43.9676;20940;0;8
Облако-земля;"2022-03-03 20:52:01";454358000;41.6676;43.9827;-23717;0;6
Облако-земля;"2022-03-03 20:52:35";63397000;42.3953;46.1498;-7033;0;5
Облако-земля;"2022-03-03 20:53:31";422838000;41.6769;44.1786;-11557;0;6
Облако-облако;"2022-03-03 20:55:50";764343634;41.66895;44.2637;7883;10333;5
Облако-земля;"2022-03-03 20:56:55";536034394;41.65301;43.91495;-16815;0;5
Облако-земля;"2022-03-03 20:56:55";565302000;41.5994;44.0741;34713;0;9
Облако-земля;"2022-03-03 20:56:55";890069000;41.6944;44.0465;23302;0;7
Облако-земля;"2022-03-03 20:56:55";596367000;41.7622;44.1276;15239;0;6
Облако-земля;"2022-03-03 20:56:55";606012000;41.67;44.0899;-10286;0;7
Облако-земля;"2022-03-03 21:01:38";129216000;41.7329;44.0387;22249;0;8
Облако-земля;"2022-03-03 21:01:38";256724000;41.7265;44.0245;19056;0;5
Облако-земля;"2022-03-03 21:06:04";964526000;41.7313;44.0633;-13379;0;9
Облако-облако;"2022-03-03 21:10:17";425877964;41.76574;44.0747799;-11724;13137;6
Облако-облако;"2022-03-03 21:10:54";620934875;41.75939;44.03384;9716;15375;8
Облако-земля;"2022-03-03 21:10:54";584087000;41.8581;44.0124;-8501;0;7
Облако-земля;"2022-03-03 21:10:54";684832000;41.7223;44.0159;-14474;0;6
Облако-облако;"2022-03-03 21:12:02";262360220;41.7417;43.9232299;5612;9083;6
Облако-облако;"2022-03-03 21:12:33";309431279;41.74621;44.00536;5191;17877;6
Облако-земля;"2022-03-03 21:12:59";541508000;41.7511;44.0371;-9675;0;7
Облако-облако;"2022-03-03 21:13:58";253837085;41.75043;44.01188;8216;10483;14
Облако-земля;"2022-03-03 21:13:58";359316000;41.8279;44.0101;-11569;0;5
Облако-земля;"2022-03-03 21:13:58";35932000;41.7903;44.0366;-5948;0;6
Облако-земля;"2022-03-03 21:17:11";656208000;41.8229;44.6706999;-14782;0;8
Облако-земля;"2022-03-03 21:17:11";685087000;41.861;44.6255;-6241;0;7
Облако-земля;"2022-03-03 21:17:11";674708000;41.7885;44.6269;-16825;0;7
Облако-земля;"2022-03-03 21:39:50";354309000;42.5138;44.6611;21789;0;9
Облако-облако;"2022-03-03 21:41:34";816306595;42.51299;44.74885;8210;12881;8
Облако-земля;"2022-03-03 21:45:10";697802000;42.1352;46.2876;-11294;0;5
Облако-земля;"2022-03-03 21:45:10";448402000;42.0627;46.3126;-199747;0;15
Облако-земля;"2022-03-03 21:47:10";993073000;42.5217;44.6629;-9610;0;5
Облако-земля;"2022-03-03 21:47:10";858011000;42.7053;44.7638;16479;0;8
Облако-земля;"2022-03-03 21:47:10";950291000;42.7461;44.7712;-7151;0;7
Облако-земля;"2022-03-03 21:55:10";514571000;42.0334;44.7267;27873;0;11
Облако-облако;"2022-03-03 21:58:57";882564901;42.05585;44.7153599;-6971;16310;9
Облако-земля;"2022-03-03 21:58:57";878443000;42.0052;44.6855;-11039;0;5
Облако-земля;"2022-03-03 21:58:57";869019000;41.9822;44.7304;35709;0;7
Облако-земля;"2022-03-03 22:01:46";221352000;41.8741;46.4558;-12668;0;9
Облако-земля;"2022-03-03 22:02:53";862267000;42.103;46.1751;17205;0;5
Облако-земля;"2022-03-03 22:05:53";11922000;42.0912999;44.7070999;-174553;0;8
Облако-земля;"2022-03-03 22:06:36";847095000;41.9446;46.4581;33352;0;8
Облако-земля;"2022-03-03 22:06:36";873939000;41.9764;46.4822;-24422;0;10
Облако-облако;"2022-03-03 22:06:37";151561690;41.96564;46.4614;10964;12067;7
Облако-земля;"2022-03-03 22:06:37";130564000;41.9704;46.4656;26698;0;6
Облако-земля;"2022-03-03 22:06:37";139820000;41.9767;46.4867;15970;0;5
Облако-земля;"2022-03-03 22:06:37";185449000;41.9461;46.4971;15481;0;9
Облако-земля;"2022-03-03 22:07:43";249848000;41.11;46.0108;23769;0;5
Облако-земля;"2022-03-03 22:08:54";25882000;41.189;45.8547;18594;0;8
Облако-облако;"2022-03-03 22:09:52";563067709;42.51648;44.51371;5327;18993;9
Облако-земля;"2022-03-03 22:09:52";741752000;42.5668999;44.5079;-9968;0;5
Облако-облако;"2022-03-03 22:11:07";18308219;41.80077;44.66087;10824;14918;10
Облако-облако;"2022-03-03 22:11:40";884084550;42.41036;45.37911;3847;10277;5
Облако-земля;"2022-03-03 22:11:40";927499000;42.415;45.2502;-10463;0;5
Облако-земля;"2022-03-03 22:11:40";978040000;42.4614;45.4813;-13831;0;6
Облако-облако;"2022-03-03 22:11:41";21979401;42.36072;45.24171;10851;19583;10
Облако-земля;"2022-03-03 22:15:35";21752092;42.03904;46.55035;-23028;0;11
Облако-облако;"2022-03-03 22:15:37";836858428;42.29291;46.01795;4850;16567;8
Облако-облако;"2022-03-03 22:18:04";27242182;42.04181;46.50047;9885;13386;9
Облако-земля;"2022-03-03 22:18:04";64532000;42.0867999;46.4819;-9655;0;5
Облако-облако;"2022-03-03 22:18:18";692233754;42.3154899;45.52691;14881;16893;10
Облако-земля;"2022-03-03 22:18:18";744631000;42.2873;45.4829999;17857;0;7
Облако-земля;"2022-03-03 22:18:18";726976000;42.2887;45.4811;23517;0;9
Облако-земля;"2022-03-03 22:18:18";639407000;42.2871;45.5263;22016;0;8
Облако-облако;"2022-03-03 22:19:56";449338407;42.30296;45.48193;10012;16832;12
Облако-облако;"2022-03-03 22:20:02";797638466;41.92291;44.68381;8679;13354;9
Облако-земля;"2022-03-03 22:20:02";840789000;41.8622;44.6663;-6942;0;6
Облако-земля;"2022-03-03 22:20:02";805835000;41.8788;44.5848;-47201;0;5
Облако-земля;"2022-03-03 22:20:16";842388000;41.8885999;46.5391;-23287;0;7
Облако-земля;"2022-03-03 22:20:34";365178000;42.3085;44.9584;16280;0;6
Облако-земля;"2022-03-03 22:21:57";754284597;42.29013;45.5117199;-20842;0;11
Облако-земля;"2022-03-03 22:21:57";812776000;42.3009;45.4883;22564;0;10
Облако-облако;"2022-03-03 22:22:26";323700150;41.88959;46.56192;11928;16224;9
Облако-земля;"2022-03-03 22:22:26";287119000;41.8823999;46.5401;21506;0;8
Облако-земля;"2022-03-03 22:22:26";312723000;41.9545;46.5171;18293;0;7
Облако-облако;"2022-03-03 22:24:45";932783784;42.05654;46.49979;6190;15004;7
Облако-облако;"2022-03-03 22:24:45";910116836;42.0754;46.56948;4932;14182;5
Облако-земля;"2022-03-03 22:24:45";913913000;42.0105;46.479;24598;0;7
Облако-земля;"2022-03-03 22:24:45";986187000;42.0359;46.5829;21245;0;5
Облако-земля;"2022-03-03 22:24:45";967146000;42.0497;46.5033;22082;0;7
Облако-земля;"2022-03-03 22:24:45";857641000;42.0745999;46.4983;35859;0;6
Облако-облако;"2022-03-03 22:27:34";303537590;42.52367;44.89345;7890;16461;6
Облако-облако;"2022-03-03 22:28:28";580909317;41.92535;46.45105;9214;11555;11
Облако-земля;"2022-03-03 22:28:55";229026000;42.1233999;46.4809;-9500;0;8
Облако-облако;"2022-03-03 22:29:20";747525869;41.75505;46.78165;12110;16980;10
Облако-облако;"2022-03-03 22:29:20";415537274;41.76994;46.83832;-24507;13939;12
Облако-земля;"2022-03-03 22:29:20";424545000;41.8644;46.8444;-16023;0;6
Облако-земля;"2022-03-03 22:29:20";733605000;41.8363;46.7288;27088;0;7
Облако-облако;"2022-03-03 22:29:25";405909287;42.36981;45.04641;-11226;12085;11
Облако-земля;"2022-03-03 22:29:25";376964000;42.3782;44.9387;-23452;0;6
Облако-земля;"2022-03-03 22:30:08";627482199;42.53561;44.82239;-17862;0;9
Облако-земля;"2022-03-03 22:30:30";871154000;42.5445;45.1276;-8043;0;6
Облако-облако;"2022-03-03 22:31:46";781716518;42.43479;45.0502899;7878;16114;11
Облако-облако;"2022-03-03 22:31:49";115951691;42.05807;46.4907899;7862;12037;9
Облако-земля;"2022-03-03 22:31:49";21727000;42.0454999;46.52;24869;0;5
Облако-облако;"2022-03-03 22:33:13";157898243;41.76273;46.81439;-9923;17406;8
Облако-земля;"2022-03-03 22:34:38";847229000;42.1611;45.8102;61336;0;7
Облако-облако;"2022-03-03 22:36:54";747615902;42.10833;45.87432;-11355;11734;8
Облако-земля;"2022-03-03 22:36:54";879435000;42.1636;46.0648;61285;0;8
Облако-облако;"2022-03-03 22:37:03";159493808;42.14599;46.35099;8031;14051;5
Облако-облако;"2022-03-03 22:38:19";936846376;42.09995;45.9063;24163;17923;12
Облако-облако;"2022-03-03 22:38:45";290979380;41.75973;46.81516;7767;18769;7
Облако-земля;"2022-03-03 22:39:23";8062939;42.1001199;45.87407;-31769;0;10
Облако-облако;"2022-03-03 22:39:36";182049714;41.96545;46.63424;10401;16773;11
Облако-земля;"2022-03-03 22:39:36";157886000;41.9791;46.55;19362;0;8
Облако-земля;"2022-03-03 22:39:54";937701000;42.0727;46.0374;-12174;0;7
Облако-земля;"2022-03-03 22:39:54";941914000;42.0959;46.0434;-4728;0;10
Облако-облако;"2022-03-03 22:40:51";922941377;42.04492;46.49603;6337;11849;7
Облако-земля;"2022-03-03 22:40:51";792668000;42.0549;46.4748;-8302;0;6
Облако-земля;"2022-03-03 22:41:11";138694000;42.1016;45.838;-19904;0;6
Облако-земля;"2022-03-03 22:41:11";116773000;42.1276;45.8328;-211647;0;10
Облако-облако;"2022-03-03 22:41:55";768762565;42.08173;46.0859;19603;10089;13
Облако-облако;"2022-03-03 22:42:22";652579649;42.11165;45.9004199;9173;16011;7
Облако-земля;"2022-03-03 22:42:22";625970000;42.1488;45.8592;23364;0;14
Облако-земля;"2022-03-03 22:42:37";823816000;42.3217;45.4063;-27568;0;5
Облако-облако;"2022-03-03 22:42:58";606104313;42.15003;44.97491;8096;7134;9
Облако-земля;"2022-03-03 22:42:58";219642832;42.20227;45.16315;-34811;0;10
Облако-земля;"2022-03-03 22:42:58";583417000;42.1627;44.9957;21429;0;6
Облако-облако;"2022-03-03 22:45:05";829707586;42.06832;45.57568;-5481;17591;5
Облако-земля;"2022-03-03 22:45:05";738978246;42.16192;45.87874;-49795;0;8
Облако-земля;"2022-03-03 22:46:21";733123000;42.0828;45.8685;-26352;0;5
Облако-земля;"2022-03-03 22:47:02";686589946;42.12513;46.05537;-18239;0;12
Облако-облако;"2022-03-03 22:48:14";679384596;41.96742;46.70763;6075;11406;6
Облако-земля;"2022-03-03 22:48:30";259066660;42.1754;45.88068;-97994;0;9
Облако-земля;"2022-03-03 22:48:30";544979000;42.2396;45.9001;-10778;0;7
Облако-земля;"2022-03-03 22:48:30";273665000;42.1644999;45.8655;-21115;0;8
Облако-земля;"2022-03-03 22:48:42";432041565;41.83849;46.84466;-16537;0;10
Облако-облако;"2022-03-03 22:48:43";2997023;42.04028;46.11001;9955;18969;10
Облако-земля;"2022-03-03 22:48:44";584853086;42.20012;45.04249;-21508;0;12
Облако-земля;"2022-03-03 22:48:44";569224000;42.1967;45.0286;-165557;0;5
Облако-земля;"2022-03-03 22:51:21";628865000;41.2968;46.3654;56738;0;11
Облако-облако;"2022-03-03 22:52:14";576078493;42.17286;46.09588;-29712;16667;9
Облако-земля;"2022-03-03 22:52:24";692219634;41.44682;46.27551;-5544;0;6
Облако-облако;"2022-03-03 22:52:24";331688712;41.45008;46.48541;-11000;19460;5
Облако-облако;"2022-03-03 22:53:37";82406323;41.70825;46.84414;-5744;13804;6
Облако-облако;"2022-03-03 22:54:04";874063347;42.27368;45.51093;-7928;11989;10
Облако-земля;"2022-03-03 22:54:04";879038000;42.3868;45.4427;-11501;0;7
Облако-облако;"2022-03-03 22:54:14";420099131;42.24907;45.0512;4847;16302;7
Облако-облако;"2022-03-03 22:54:46";447151316;42.0189499;45.95116;9930;19939;9
Облако-земля;"2022-03-03 22:54:46";436391000;42.0412;45.8808;-20994;0;8
Облако-земля;"2022-03-03 22:54:46";425447000;41.9265;45.7161;84066;0;6
Облако-облако;"2022-03-03 22:54:48";541303576;42.17932;46.15245;8602;13969;11
Облако-земля;"2022-03-03 22:54:48";649216000;42.2238;46.0857;21815;0;8
Облако-земля;"2022-03-03 22:55:53";755619000;42.4534;45.6193;-25379;0;7
Облако-земля;"2022-03-03 22:57:15";872618249;42.0753;46.03391;-21652;0;13
Облако-земля;"2022-03-03 22:57:15";858998000;42.1329;45.8656999;-143716;0;5
Облако-облако;"2022-03-03 23:00:37";202655719;42.0795699;45.97526;10046;10327;8
Облако-земля;"2022-03-03 23:01:44";830603000;42.1021;45.8962999;-12406;0;7
Облако-облако;"2022-03-03 23:01:44";778556575;42.11851;46.04763;13566;19527;12
Облако-облако;"2022-03-03 23:01:44";856847674;42.07588;45.88067;9422;19588;9
Облако-облако;"2022-03-03 23:04:40";901763476;42.05188;46.23417;4055;10079;8
Облако-облако;"2022-03-03 23:07:09";687236484;42.04515;46.22481;5670;12564;11
Облако-земля;"2022-03-03 23:07:09";622688000;42.0782;46.2301;29714;0;7
Облако-облако;"2022-03-03 23:07:56";500530983;41.96164;46.02809;5602;19459;7
Облако-облако;"2022-03-03 23:07:56";783853111;42.0639899;46.30727;9911;19057;8
Облако-земля;"2022-03-03 23:07:56";732023000;42.1162;46.2877;17671;0;9
Облако-земля;"2022-03-03 23:07:56";620260000;42.0662;46.2398;28655;0;8
Облако-земля;"2022-03-03 23:07:56";412846000;42.0186;46.2356;23764;0;11
Облако-облако;"2022-03-03 23:08:55";722904772;42.03649;46.32428;11361;16641;9
Облако-земля;"2022-03-03 23:08:55";704168000;42.1093;46.2778;22683;0;6
Облако-земля;"2022-03-03 23:11:53";249834000;42.0094;46.361;-6772;0;6
Облако-земля;"2022-03-03 23:13:04";569299282;41.96783;46.32104;-21027;0;10
Облако-земля;"2022-03-03 23:15:12";404059000;41.1891;46.6369;50782;0;6
Облако-земля;"2022-03-03 23:15:12";142627000;41.3701;46.4214;-57136;0;5
Облако-земля;"2022-03-03 23:15:12";692240000;41.2328;46.533;-11813;0;5
Облако-земля;"2022-03-03 23:15:12";472692000;41.1649;46.5334;15634;0;5
Облако-земля;"2022-03-03 23:15:12";663427000;41.165;46.5137;-13464;0;6
Облако-земля;"2022-03-03 23:15:12";615598000;41.1933;46.5217;16618;0;5
Облако-земля;"2022-03-03 23:17:07";57423000;42.0036;46.2947;-13658;0;6
Облако-земля;"2022-03-03 23:19:40";737087000;41.9625;46.1588;-15013;0;9
Облако-земля;"2022-03-03 23:23:14";18929000;41.5647;46.5867999;-14288;0;6
Облако-земля;"2022-03-03 23:24:30";417157000;42.1311;46.1651;-14587;0;5
Облако-земля;"2022-03-03 23:24:30";424360000;42.1704;46.1456;-7483;0;5
Облако-земля;"2022-03-03 23:37:37";800671101;41.73401;46.5668;-16170;0;11
Облако-облако;"2022-03-03 23:43:40";625544974;41.76316;46.72467;5814;17202;5
Облако-облако;"2022-03-03 23:43:40";592428878;41.76151;46.5976799;24599;18153;14
Облако-земля;"2022-03-03 23:43:40";602225000;41.8761;46.5402;-22344;0;5
Облако-облако;"2022-03-03 23:43:45";116315098;41.9251099;46.2872;6430;13305;10
Облако-земля;"2022-03-03 23:52:52";262898000;41.0202;44.6418;-13130;0;5
Облако-земля;"2022-03-04 00:18:57";221147000;41.5999;46.9849;19338;0;7
Облако-земля;"2022-03-04 01:22:16";559010000;41.3895;46.8858;0;0;8
Облако-облако;"2022-03-04 01:22:31";26424342;41.25623;46.81711;-5551;13148;7
Облако-земля;"2022-03-04 01:24:07";132075000;41.0949;46.8011;-10420;0;8
Облако-облако;"2022-03-04 01:24:18";385641224;41.38643;46.92259;5833;14162;5
Облако-облако;"2022-03-04 01:25:02";750748416;41.50656;46.80615;5472;10767;8
Облако-облако;"2022-03-04 01:25:04";261306659;41.3084;46.7241799;-3593;13948;5
Облако-земля;"2022-03-04 01:25:28";717616000;41.3217;46.8835;-18915;0;8
Облако-облако;"2022-03-04 01:26:15";853973327;41.26724;46.86663;6251;11095;9
Облако-облако;"2022-03-04 01:26:30";694380615;41.34393;46.88044;15191;18453;9
Облако-облако;"2022-03-04 01:26:38";790043349;41.29674;46.84549;-4662;12068;10
Облако-облако;"2022-03-04 01:26:38";657349611;41.38658;46.86574;-6122;19104;7
Облако-облако;"2022-03-04 01:26:45";817109604;41.50974;46.81465;12247;17549;13
Облако-облако;"2022-03-04 01:26:53";523919203;41.3335999;46.82544;5832;16160;8
Облако-облако;"2022-03-04 01:27:49";388709383;41.36803;46.88328;-3989;10364;7
Облако-облако;"2022-03-04 01:27:54";505367466;41.39091;46.93999;5941;18690;13
Облако-облако;"2022-03-04 01:27:58";614364379;41.34867;46.95362;6880;15996;6
Облако-облако;"2022-03-04 01:28:12";430872119;41.32016;46.85833;6022;15314;10
Облако-земля;"2022-03-04 01:28:28";835463000;41.4086;46.8587;-5499;0;5
Облако-облако;"2022-03-04 01:28:37";204825533;41.35478;46.86179;4963;16269;6
Облако-облако;"2022-03-04 01:28:41";141467314;41.35749;46.9143199;8706;12300;12
Облако-облако;"2022-03-04 01:28:55";407672338;41.48386;46.84483;7406;15043;9
Облако-земля;"2022-03-04 01:29:08";366750000;41.4662999;46.8718999;-12406;0;5
Облако-земля;"2022-03-04 01:29:08";223088000;41.5261;46.8647;-7399;0;6
Облако-земля;"2022-03-04 01:29:25";234866000;41.3937;46.8731;-11223;0;8
Облако-земля;"2022-03-04 01:30:08";545850000;41.3566;46.887;-6519;0;6
Облако-облако;"2022-03-04 01:30:15";962426147;41.38098;46.881;11670;18563;8
Облако-облако;"2022-03-04 01:30:24";210222403;41.38196;46.79089;5861;15196;7
Облако-облако;"2022-03-04 01:30:44";327157097;41.31117;46.8112;-3621;18485;5
Облако-земля;"2022-03-04 01:30:44";763388000;41.2893;46.8676;-11021;0;6
Облако-земля;"2022-03-04 01:31:19";419839000;41.5383;46.8829;-12743;0;6
Облако-земля;"2022-03-04 01:31:36";787546000;41.4791;46.9125;-11428;0;7
Облако-облако;"2022-03-04 01:31:44";464986649;41.3858;46.84288;6806;17755;8
Облако-облако;"2022-03-04 01:32:04";2138755;41.44462;46.91479;-5454;15157;8
Облако-облако;"2022-03-04 01:32:17";731809549;41.4701;46.81223;8387;10066;7
Облако-земля;"2022-03-04 01:32:17";322947000;41.4502;46.481;-149023;0;7
Облако-земля;"2022-03-04 01:32:17";458709000;41.5999;46.8128;-18879;0;7
Облако-земля;"2022-03-04 01:32:27";536303000;41.3018;46.8516;-6460;0;5
Облако-облако;"2022-03-04 01:32:35";753978154;41.39573;46.98219;-6090;17926;5
Облако-земля;"2022-03-04 01:32:36";192166000;41.42;46.926;-10447;0;5
Облако-земля;"2022-03-04 01:32:43";183418000;41.0714;46.8166;-15325;0;9
Облако-облако;"2022-03-04 01:32:49";413694422;41.34486;46.55398;5843;17046;6
Облако-облако;"2022-03-04 01:33:12";296335864;41.4251099;46.94647;-5972;16760;5
Облако-земля;"2022-03-04 01:33:22";579992000;41.4108;46.854;-10057;0;8
Облако-облако;"2022-03-04 01:33:23";768777746;41.52557;46.63293;-7430;19136;7
Облако-земля;"2022-03-04 01:33:33";184761000;41.4397;46.8756;-7420;0;6
Облако-облако;"2022-03-04 01:33:42";484752382;41.38597;46.95502;4699;17037;5
Облако-облако;"2022-03-04 01:33:57";192345303;41.29384;46.74187;-6492;17129;5
Облако-облако;"2022-03-04 01:34:09";592298595;41.42068;46.9409;-8121;16592;11
Облако-облако;"2022-03-04 01:34:18";497648402;41.36856;46.95024;6057;10238;7
Облако-земля;"2022-03-04 01:34:18";681141000;41.4747;46.9079;-9497;0;5
Облако-земля;"2022-03-04 01:34:42";369950000;41.5428;46.9468;-9846;0;5
Облако-земля;"2022-03-04 01:35:01";162892000;41.0235;46.8742;-9301;0;5
Облако-земля;"2022-03-04 01:35:21";998842000;41.3514;46.8998;-9244;0;8
Облако-земля;"2022-03-04 01:35:21";476150000;41.4123;46.8908;-13617;0;7
Облако-облако;"2022-03-04 01:35:30";379660666;41.55824;46.74065;16800;16815;12
Облако-земля;"2022-03-04 01:35:30";520020000;41.5778;46.7229;22118;0;11
Облако-земля;"2022-03-04 01:35:30";372430000;41.6032;46.7172;-11215;0;8
Облако-земля;"2022-03-04 01:35:50";941673000;41.3991;46.8703;-4905;0;5
Облако-облако;"2022-03-04 01:35:51";371405106;41.2641;46.78122;-4624;14847;5
Облако-земля;"2022-03-04 01:35:52";54423000;41.1262;46.8840999;-6074;0;6
Облако-облако;"2022-03-04 01:36:07";537302421;41.52831;46.90287;8331;16920;11
Облако-земля;"2022-03-04 01:36:22";590446347;41.3975;46.89817;-5315;0;7
Облако-земля;"2022-03-04 01:36:35";536723000;41.5705;46.9345;-13064;0;5
Облако-облако;"2022-03-04 01:36:50";165860396;41.41289;46.8906599;-3938;15279;5
Облако-облако;"2022-03-04 01:36:59";668413177;41.59755;46.8049;8338;8349;7
Облако-земля;"2022-03-04 01:36:59";321333000;41.502;46.7456;-13080;0;6
Облако-земля;"2022-03-04 01:36:59";764310000;41.7615;46.8397999;-11923;0;6
Облако-земля;"2022-03-04 01:36:59";674571000;41.7042;46.8247;15433;0;6
Облако-земля;"2022-03-04 01:36:59";717587000;41.5299;46.7489;21166;0;9
Облако-облако;"2022-03-04 01:37:08";348777780;41.40242;46.97254;14720;14047;7
Облако-облако;"2022-03-04 01:37:51";858008574;41.39571;46.90186;10878;19056;12
Облако-земля;"2022-03-04 01:37:51";366624000;41.4976;46.9084999;-25202;0;5
Облако-облако;"2022-03-04 01:38:05";565404997;41.30296;46.84084;-9419;14784;8
Облако-облако;"2022-03-04 01:38:22";536745250;41.60777;46.82653;5029;18839;7
Облако-облако;"2022-03-04 01:38:22";55138054;41.51028;46.99791;-9379;18253;10
Облако-облако;"2022-03-04 01:38:24";121316182;41.06905;46.75151;8969;17821;6
Облако-облако;"2022-03-04 01:39:16";285867135;41.38308;46.39355;4199;16191;5
Облако-облако;"2022-03-04 01:39:36";873026986;41.39509;46.90062;-7463;18819;9
Облако-облако;"2022-03-04 01:40:11";549623218;41.35869;46.86186;-7960;6777;11
Облако-облако;"2022-03-04 01:40:17";773399532;41.3721699;46.94943;19353;15476;6
Облако-земля;"2022-03-04 01:40:38";68055000;41.3482;46.8637;-6229;0;7
Облако-облако;"2022-03-04 01:40:49";406698421;41.37474;46.96521;-3919;8861;6
Облако-облако;"2022-03-04 01:41:05";978073911;41.07555;46.91001;6364;15401;8
Облако-земля;"2022-03-04 01:41:21";856939770;41.36627;46.88399;-6030;0;14
Облако-облако;"2022-03-04 01:41:22";231996286;41.45581;46.96037;-12468;7199;11
Облако-облако;"2022-03-04 01:41:58";98815079;41.30473;46.82077;-6356;15128;9
Облако-облако;"2022-03-04 01:42:13";426187671;41.01363;46.91042;-6371;18185;7
Облако-земля;"2022-03-04 01:42:13";260277000;41.1018;46.8188;-13638;0;5
Облако-облако;"2022-03-04 01:42:16";388900695;41.39898;46.86858;-11540;13632;13
Облако-земля;"2022-03-04 01:42:17";662250000;41.5347;46.9037999;-12340;0;6
Облако-земля;"2022-03-04 01:42:17";567799000;41.5451;46.9287;29308;0;8
Облако-облако;"2022-03-04 01:42:56";311260660;41.10837;46.82497;5151;10438;6
Облако-земля;"2022-03-04 01:43:08";613718437;41.39117;46.80116;-25025;0;9
Облако-облако;"2022-03-04 01:43:09";108624832;41.5037499;46.87498;-8478;13351;8
Облако-земля;"2022-03-04 01:43:09";114095000;41.4035;46.8688;15408;0;6
Облако-земля;"2022-03-04 01:43:32";638730000;41.2085;46.4131;-13962;0;5
Облако-облако;"2022-03-04 01:43:56";518459551;41.11354;46.84029;7533;17736;11
Облако-облако;"2022-03-04 01:44:08";566757005;41.10226;46.82565;-3910;18026;7
Облако-облако;"2022-03-04 01:44:17";943599182;41.42021;46.89316;22139;13433;9
Облако-земля;"2022-03-04 01:44:42";244020770;41.12044;46.93123;-3877;0;7
Облако-облако;"2022-03-04 01:44:42";214812884;41.0986;46.80206;-5940;18561;8
Облако-земля;"2022-03-04 01:44:49";503817000;41.4094;46.8738;-6592;0;5
Облако-облако;"2022-03-04 01:45:11";870816781;41.27214;46.96624;-7389;15112;6
Облако-облако;"2022-03-04 01:45:14";246155942;41.10239;46.81768;-12101;15983;9
Облако-облако;"2022-03-04 01:45:19";7237938;41.44602;46.86218;11404;13719;7
Облако-земля;"2022-03-04 01:45:27";959793000;41.3349;46.9075;-8082;0;6
Облако-облако;"2022-03-04 01:45:51";650366513;41.14508;46.80044;3940;15310;6
Облако-земля;"2022-03-04 01:46:02";935560372;41.45712;46.98468;-21735;0;9
Облако-облако;"2022-03-04 01:46:02";781721873;41.51853;46.80887;-9033;15841;7
Облако-земля;"2022-03-04 01:46:03";298721000;41.5289;46.9295;17383;0;5
Облако-облако;"2022-03-04 01:46:23";162222341;41.11786;46.81995;-8026;17496;11
Облако-облако;"2022-03-04 01:46:37";285963220;41.3880399;46.84895;-5979;10643;8
Облако-облако;"2022-03-04 01:47:16";822244855;41.1206699;46.89612;-8253;13964;7
Облако-облако;"2022-03-04 01:47:22";386706296;41.59903;46.99677;8525;17603;11
Облако-земля;"2022-03-04 01:47:41";119649867;41.43499;46.96225;-16195;0;10
Облако-земля;"2022-03-04 01:47:41";186822000;41.5094;46.854;-21051;0;10
Облако-земля;"2022-03-04 01:47:41";166566000;41.5003;46.9535;-101790;0;13
Облако-земля;"2022-03-04 01:47:47";750071000;41.1739;46.778;-80602;0;6
Облако-облако;"2022-03-04 01:48:12";143023402;41.11631;46.8606399;-19272;12483;11
Облако-облако;"2022-03-04 01:48:23";882992968;41.50789;46.90661;5967;11384;7
Облако-земля;"2022-03-04 01:48:23";568628000;41.4757;46.9239;-19943;0;6
Облако-земля;"2022-03-04 01:48:44";217700000;41.3884;46.9104;-22082;0;5
Облако-земля;"2022-03-04 01:49:13";263149379;41.4486599;46.9796;-34349;0;15
Облако-земля;"2022-03-04 01:49:13";975995000;41.5346;46.9676;-14252;0;7
Облако-земля;"2022-03-04 01:49:13";818768000;41.4694999;46.9116;50198;0;7
Облако-земля;"2022-03-04 01:49:13";684394000;41.6351;46.9382;18040;0;8
Облако-облако;"2022-03-04 01:50:03";176281034;41.12099;46.8848;-5785;17484;9
Облако-облако;"2022-03-04 01:50:15";955006892;41.44412;46.75054;-13457;17707;6
Облако-облако;"2022-03-04 01:50:15";266833464;41.33479;46.78474;8613;14432;10
Облако-земля;"2022-03-04 01:50:35";686979000;41.1001;46.8326;-62536;0;16
Облако-облако;"2022-03-04 01:50:38";609262010;41.25291;46.83405;-4938;13531;8
Облако-земля;"2022-03-04 01:50:48";428660772;41.10205;46.86397;-4934;0;9
Облако-земля;"2022-03-04 01:50:48";462777000;41.1432;46.8846;-52463;0;12
Облако-облако;"2022-03-04 01:51:27";379443702;41.49075;46.94909;14932;18480;13
Облако-земля;"2022-03-04 01:51:43";348861657;41.23734;46.9881;-8831;0;7
Облако-облако;"2022-03-04 01:52:28";742058588;41.11743;46.82991;-14677;12609;13
Облако-облако;"2022-03-04 01:53:15";723824167;41.44356;46.90047;9858;15722;12
Облако-облако;"2022-03-04 01:53:16";250544228;41.67719;46.85407;11590;12712;14
Облако-земля;"2022-03-04 01:53:16";229725000;41.8137;46.8061;23252;0;5
Облако-земля;"2022-03-04 01:53:16";253080000;41.5454;46.8367;-10166;0;5
Облако-земля;"2022-03-04 01:53:16";210774000;41.7087999;46.8708;136111;0;9
Облако-облако;"2022-03-04 01:54:09";529071577;41.40279;46.93416;-13341;19190;14
Облако-земля;"2022-03-04 01:54:09";216185000;41.1544;46.8605;-263857;0;14
Облако-облако;"2022-03-04 01:54:31";344541305;41.48142;46.98305;4606;10916;6
Облако-облако;"2022-03-04 01:56:17";506749991;41.45386;46.87151;13209;12862;13
Облако-земля;"2022-03-04 01:56:17";530072000;41.6308999;46.8497;-24760;0;9
Облако-земля;"2022-03-04 01:57:31";359499000;41.9799;46.9716;-48648;0;5
Облако-облако;"2022-03-04 01:58:09";788639240;41.21102;46.99227;5923;16213;7
Облако-облако;"2022-03-04 01:58:41";228662972;41.15242;46.73806;4835;16130;7
Облако-земля;"2022-03-04 01:58:41";42552000;41.1936;46.8427999;-156620;0;11
Облако-земля;"2022-03-04 01:59:56";108581000;41.6047;46.9931;22704;0;8
Облако-облако;"2022-03-04 02:01:54";59950217;41.1881;46.35072;-3331;12624;5
Облако-облако;"2022-03-04 02:02:37";573474919;41.28049;46.87282;17779;17424;9
Облако-облако;"2022-03-04 02:02:37";546695389;41.16969;46.94023;12236;15120;10
Облако-земля;"2022-03-04 02:02:37";874393000;41.2385;46.9121;-13107;0;10
Облако-земля;"2022-03-04 02:02:37";563233000;41.2612;46.9818;-219143;0;9
Облако-облако;"2022-03-04 02:02:40";260226588;41.22201;46.95291;21387;10399;12
Облако-облако;"2022-03-04 02:03:39";902271294;41.5982399;46.94921;11685;16955;11
Облако-земля;"2022-03-04 02:03:39";91335000;41.8464;46.6128;-6727;0;5
Облако-облако;"2022-03-04 02:04:21";788957144;41.18172;46.80172;10591;8452;11
Облако-земля;"2022-03-04 02:04:21";684916000;41.2397;46.9061;-11713;0;8
Облако-земля;"2022-03-04 02:04:21";526519000;41.1034999;46.9286;-73197;0;7
Облако-земля;"2022-03-04 02:04:22";12411000;41.3123999;46.7459;-15392;0;5
Облако-облако;"2022-03-04 02:05:21";909038139;41.24672;46.85016;11693;17694;13
Облако-облако;"2022-03-04 02:06:05";266528083;41.59062;46.9493;11708;13729;14
Облако-земля;"2022-03-04 02:06:05";240721000;41.6077;46.9875;19299;0;7
Облако-земля;"2022-03-04 02:06:06";34896000;41.6557;46.8171;-10740;0;5
Облако-облако;"2022-03-04 02:07:45";933101951;41.18006;46.96934;6524;13017;6
Облако-земля;"2022-03-04 02:07:45";883190000;41.2673;46.8389;-47885;0;12
Облако-облако;"2022-03-04 02:07:46";82710168;41.28292;46.76812;-5754;12122;5
Облако-облако;"2022-03-04 02:08:43";968773734;41.1427;46.85721;9459;12934;8
Облако-земля;"2022-03-04 02:08:43";546748000;41.3709;46.8274;-59166;0;5
Облако-облако;"2022-03-04 02:08:44";436377185;41.33579;46.76775;-6463;16103;8
Облако-облако;"2022-03-04 02:09:00";747637985;42.37155;46.92696;8485;12548;9
Облако-облако;"2022-03-04 02:09:54";880711173;41.1955699;46.86571;8733;13998;8
Облако-земля;"2022-03-04 02:09:55";822718951;41.19927;46.90634;-6583;0;9
Облако-земля;"2022-03-04 02:09:55";93552000;41.201;46.8867;34490;0;5
Облако-облако;"2022-03-04 02:11:24";819049447;41.4531599;46.7405;14391;17151;14
Облако-облако;"2022-03-04 02:11:24";57945565;41.4011;46.9214399;-4520;19931;6
Облако-земля;"2022-03-04 02:11:24";919094000;41.4793;46.848;28730;0;7
Облако-земля;"2022-03-04 02:11:24";711176000;41.5236;46.8411;39696;0;7
Облако-земля;"2022-03-04 02:11:24";531548000;41.4559;46.9221;75912;0;5
Облако-земля;"2022-03-04 02:11:25";36932000;41.5391;46.8385;21946;0;9
Облако-земля;"2022-03-04 02:12:29";76575000;41.1518;46.8805;96538;0;7
Облако-земля;"2022-03-04 02:13:38";441035903;41.43493;46.8069599;-8993;0;12
Облако-земля;"2022-03-04 02:13:38";200615937;41.23799;46.84982;-15883;0;14
Облако-земля;"2022-03-04 02:13:38";434243000;41.2445;46.705;26075;0;5
Облако-земля;"2022-03-04 02:15:01";169554174;41.25513;46.88894;-29528;0;15
Облако-облако;"2022-03-04 02:15:33";252394855;41.29274;46.82038;5671;18248;6
Облако-облако;"2022-03-04 02:15:33";316580754;41.17359;46.7782;13987;15360;9
Облако-земля;"2022-03-04 02:15:33";260147000;41.2458;46.8836;28395;0;10
Облако-земля;"2022-03-04 02:15:33";133717000;41.1318;46.8895;-11891;0;6
Облако-облако;"2022-03-04 02:16:09";614922320;41.17935;46.96075;10479;15388;11
Облако-облако;"2022-03-04 02:16:40";519503828;41.30018;46.8238;-3878;15520;6
Облако-облако;"2022-03-04 02:17:22";780761386;41.15232;46.9525;-6524;16183;11
Облако-облако;"2022-03-04 02:17:47";89094395;41.21948;46.97198;12984;17503;14
Облако-облако;"2022-03-04 02:18:09";932616535;41.35953;46.92028;7782;14267;6
Облако-облако;"2022-03-04 02:18:09";936067349;41.20409;46.91282;7815;11206;8
Облако-облако;"2022-03-04 02:18:10";317282177;41.36984;46.7621899;-5219;19489;10
Облако-земля;"2022-03-04 02:18:10";826306000;41.4816;46.9104;29212;0;5
Облако-земля;"2022-03-04 02:18:10";331188000;41.2947;46.8218;-12050;0;7
Облако-облако;"2022-03-04 02:18:11";190654570;41.50964;46.61841;-4214;19198;6
Облако-облако;"2022-03-04 02:18:17";667472637;41.01097;46.28704;-4013;18645;5
Облако-облако;"2022-03-04 02:18:37";502626880;41.20719;46.80605;5115;11207;7
Облако-облако;"2022-03-04 02:18:37";384229179;41.23886;46.49124;10537;17213;7
Облако-облако;"2022-03-04 02:19:25";500424041;41.30457;46.96132;-5920;12853;5
Облако-облако;"2022-03-04 02:20:41";99783276;41.31763;46.95693;7699;8992;12
Облако-земля;"2022-03-04 02:20:41";306886000;41.3999;46.8457999;-11415;0;8
Облако-облако;"2022-03-04 02:21:18";949166924;41.36266;46.85569;-3702;19040;6
Облако-облако;"2022-03-04 02:22:55";307893660;41.23136;46.89002;-9404;8533;9
Облако-облако;"2022-03-04 02:23:36";963324329;41.20587;46.91316;5521;11972;5
Облако-земля;"2022-03-04 02:25:33";580877000;41.2444;46.9751;-19524;0;8
Облако-земля;"2022-03-04 02:25:33";922247000;41.5227999;46.8837;18978;0;5
Облако-земля;"2022-03-04 02:25:34";630858995;41.39017;46.88406;-55361;0;17
Облако-земля;"2022-03-04 02:25:34";635850000;41.562;46.8464;-8865;0;6
Облако-земля;"2022-03-04 02:25:34";505644000;41.2607;46.9938;20438;0;9
Облако-облако;"2022-03-04 02:26:51";194824766;41.12623;46.53096;-10971;13257;5
Облако-земля;"2022-03-04 02:27:09";997303000;41.4989;46.641;30297;0;5
Облако-облако;"2022-03-04 02:27:10";31110260;41.27235;46.96008;-8328;15052;8
Облако-земля;"2022-03-04 02:27:10";74971000;41.2983;46.9563;-21792;0;10
Облако-земля;"2022-03-04 02:29:08";829501784;41.35221;46.99847;-28137;0;12
Облако-земля;"2022-03-04 02:29:08";213106000;41.2988;46.9299;36182;0;7
Облако-земля;"2022-03-04 02:29:08";837582000;41.3081;46.8903;-19555;0;8
Облако-облако;"2022-03-04 02:29:55";549145431;41.2671;46.89405;-10595;16921;7
Облако-облако;"2022-03-04 02:30:26";455731640;41.10994;46.8524;7183;11720;5
Облако-земля;"2022-03-04 02:32:48";491463000;41.229;46.9568;-19556;0;6
Облако-облако;"2022-03-04 02:38:13";63069932;41.2085999;46.99635;14087;11663;9
Облако-земля;"2022-03-04 02:39:46";149194824;41.2558099;46.95178;-9787;0;8
Облако-земля;"2022-03-04 02:39:46";626792000;41.2261;46.9549;-6555;0;5
Облако-облако;"2022-03-04 02:41:44";892877702;41.4229399;46.99387;6912;6890;10
Облако-облако;"2022-03-04 02:41:44";131354241;41.43289;46.96797;13350;18151;8
Облако-земля;"2022-03-04 10:08:44";705181000;43.2176;40.7146;-266122;0;8
Облако-облако;"2022-03-04 10:14:27";191980860;43.21146;40.83378;4966;16805;10
Облако-земля;"2022-03-04 13:13:59";404441000;41.7284;41.6132;-7441;0;6
Облако-облако;"2022-03-04 13:22:53";561263812;45.43611;46.92153;11444;18864;15
Облако-земля;"2022-03-04 13:22:53";491591000;45.433;46.8462;22945;0;7
Облако-земля;"2022-03-04 13:22:53";446374000;45.4898;46.8485;17061;0;5
Облако-земля;"2022-03-04 13:22:53";470572000;45.6257;46.8065;26683;0;6
Облако-земля;"2022-03-04 13:22:53";449864000;45.4512;46.8355;21717;0;8
Облако-земля;"2022-03-04 14:47:44";884404000;45.432;46.8230999;-14258;0;6
Облако-земля;"2022-03-04 23:42:16";510266000;42.2126;41.9182;-13218;0;7
Облако-земля;"2022-03-04 23:42:16";342656000;42.2246;41.8988;51356;0;8
Облако-земля;"2022-03-05 02:30:06";558277000;44.0185;39.5165999;-12422;0;7
Облако-земля;"2022-03-05 02:30:06";521742000;44.1009;39.4258;-125146;0;6
Облако-земля;"2022-03-05 02:34:05";964446000;44.0766;39.4991;-17721;0;7
Облако-земля;"2022-03-05 02:34:05";920910000;44.1011;39.4565;-101577;0;11
Облако-земля;"2022-03-05 04:16:23";198457000;43.9632;39.5469;-7337;0;8
Облако-земля;"2022-03-05 06:09:34";117186000;42.9188;40.0087;-28599;0;12
Облако-земля;"2022-03-05 06:47:22";601611000;42.9131;40.2566;-10804;0;5
Облако-земля;"2022-03-05 06:47:22";564693000;42.9422;40.2573;31512;0;7
Облако-облако;"2022-03-05 07:54:46";545385356;43.80764;39.89315;9498;15183;7
Облако-земля;"2022-03-05 08:15:13";789055000;43.6194;39.7734;-5726;0;5
Облако-земля;"2022-03-05 08:15:13";894434000;43.5592;39.7387;-24559;0;7
Облако-земля;"2022-03-05 08:17:06";906541000;43.6749;39.7273;-20733;0;10
Облако-земля;"2022-03-05 08:23:38";688226873;43.62732;39.77334;-204242;0;14
Облако-облако;"2022-03-05 08:23:38";755154783;43.77085;39.95534;-7322;16165;10
Облако-земля;"2022-03-05 08:30:38";563628000;43.5179;39.8778;-6111;0;5
Облако-земля;"2022-03-05 08:30:38";531128000;43.5518;39.8454;-8547;0;6
Облако-земля;"2022-03-05 08:48:56";929240000;43.9087;39.6221;-83176;0;12
Облако-земля;"2022-03-05 08:50:58";419791000;43.8752;39.6635;-9513;0;6
Облако-облако;"2022-03-05 08:52:15";714744741;43.85698;39.68031;-9907;16540;5
Облако-земля;"2022-03-05 08:53:10";175653902;43.93906;39.87125;-5282;0;8
Облако-земля;"2022-03-05 10:06:18";988493000;44.1087;39.1648;-120843;0;5
Облако-земля;"2022-03-05 10:06:19";3130000;44.1892;39.1832;-33789;0;7
Облако-земля;"2022-03-05 10:06:19";507306000;44.2403;39.2709;34240;0;11
Облако-земля;"2022-03-05 11:23:37";129256000;43.3662;39.8639;70457;0;6
Облако-облако;"2022-03-05 11:35:14";943810350;43.40507;40.1052899;3121;14188;8
Облако-земля;"2022-03-05 11:35:14";922985000;43.2986999;39.9194;-11429;0;6
Облако-земля;"2022-03-05 11:35:15";71796000;43.3359;40.0008;-20283;0;5
Облако-земля;"2022-03-05 11:39:21";682655375;43.28038;40.03702;-8181;0;8
Облако-облако;"2022-03-05 11:39:21";642080693;43.39091;40.16346;4301;10502;6
Облако-облако;"2022-03-05 11:39:21";548188844;43.53869;40.35188;8092;15015;5
Облако-земля;"2022-03-05 11:39:21";584784000;43.3469;39.9365;-13525;0;6
Облако-земля;"2022-03-05 11:39:21";598211000;43.3669;39.9122;-28206;0;6
Облако-земля;"2022-03-05 11:41:10";513776094;43.276;40.13024;-17007;0;6
Облако-облако;"2022-03-05 11:41:10";392943442;43.40648;40.13618;-9457;18774;7
Облако-земля;"2022-03-05 11:41:10";461644000;43.2598;40.0238;-5278;0;5
Облако-облако;"2022-03-05 11:42:33";6559477;43.37339;40.08518;-6006;14062;7
Облако-земля;"2022-03-05 14:09:17";293168000;43.0172;40.3388;90031;0;7
Облако-земля;"2022-03-05 14:09:57";183155000;42.9714;40.3721;-12443;0;6
Облако-облако;"2022-03-05 14:10:45";135336455;42.92352;40.38699;-7662;15339;7
Облако-земля;"2022-03-05 14:12:19";876510617;43.11493;40.55041;-10845;0;10
Облако-земля;"2022-03-05 14:12:19";823714076;42.98617;40.49364;-4413;0;10
Облако-земля;"2022-03-05 14:12:19";814084260;42.9184;40.37869;-34561;0;24
Облако-земля;"2022-03-05 14:13:16";356997508;42.93348;40.3364199;-7893;0;6
Облако-земля;"2022-03-05 14:13:16";337226000;43.0180999;40.3903;-10767;0;10
Облако-земля;"2022-03-05 14:13:16";261701000;42.9801;40.3936;-12468;0;10
Облако-земля;"2022-03-05 14:13:16";135670000;42.9465999;40.3782;-37150;0;12
Облако-земля;"2022-03-05 14:14:06";653622000;42.9285;40.4126;-8291;0;5
Облако-земля;"2022-03-05 14:14:40";897258572;43.08029;40.50423;39175;0;11
Облако-земля;"2022-03-05 14:14:40";847388000;43.0352;40.3519999;-7694;0;5
Облако-облако;"2022-03-05 14:14:47";12202592;42.92612;40.4407;15412;13188;11
Облако-облако;"2022-03-05 14:15:29";957304696;42.97167;40.43666;-7922;18265;11
Облако-облако;"2022-03-05 14:17:23";933118527;42.8299499;40.2246499;17257;17922;5
Облако-земля;"2022-03-05 14:17:24";110877231;43.10006;40.6139;-7755;0;7
Облако-облако;"2022-03-05 14:17:24";119044107;42.94935;40.37566;-5565;13843;9
Облако-земля;"2022-03-05 14:17:24";143353000;43.0150999;40.3744;-11527;0;8
Облако-земля;"2022-03-05 14:17:24";8972000;42.9308;40.4667;-6490;0;7
Облако-земля;"2022-03-05 14:19:00";404613000;42.9653;40.4017;-12878;0;6
Облако-земля;"2022-03-05 14:19:00";436509000;43.0704;40.4797;-8271;0;6
Облако-облако;"2022-03-05 14:20:47";694268053;42.96335;40.53859;14733;14008;15
Облако-облако;"2022-03-05 14:20:47";738677933;42.82245;40.2668;2872;19595;5
Облако-облако;"2022-03-05 14:22:21";459753319;42.9340199;40.47936;22274;16739;14
Облако-земля;"2022-03-05 14:22:22";34017754;43.1012;40.55947;-5011;0;9
Облако-облако;"2022-03-05 14:23:45";64214783;42.9608599;40.48606;-13221;17185;12
Облако-облако;"2022-03-05 14:24:47";339993379;42.93845;40.44282;-7323;16074;8
Облако-облако;"2022-03-05 14:25:39";905385249;42.98519;40.58202;7511;16454;7
Облако-облако;"2022-03-05 14:26:13";397513951;42.87287;40.45968;-8820;7418;10
Облако-облако;"2022-03-05 14:27:03";785746073;43.09059;40.67978;9282;18933;9
Облако-земля;"2022-03-05 14:27:03";692902999;43.02972;40.51682;-24146;0;11
Облако-облако;"2022-03-05 14:27:03";266589681;42.9519;40.60173;-3363;11133;6
Облако-земля;"2022-03-05 14:27:57";704533714;43.1006799;40.87586;-4737;0;6
Облако-облако;"2022-03-05 14:27:57";512714947;42.92871;40.4888199;-7902;16223;5
Облако-облако;"2022-03-05 14:27:57";411836916;42.97781;40.80192;-4084;14453;5
Облако-облако;"2022-03-05 14:29:11";622925175;43.0121899;40.52011;5519;17745;5
Облако-облако;"2022-03-05 14:29:11";198432830;42.87437;40.46584;-7467;5975;7
Облако-облако;"2022-03-05 14:30:23";725568360;42.8996799;40.51419;-14760;15209;11
Облако-земля;"2022-03-05 14:30:23";726880000;42.8685;40.4373999;-29532;0;10
Облако-облако;"2022-03-05 14:30:24";271567492;43.05821;40.55035;23199;16451;5
Облако-облако;"2022-03-05 14:31:53";466551435;42.86196;40.43895;11783;16245;5
Облако-земля;"2022-03-05 14:31:53";403687000;43.1542;40.4153;54602;0;7
Облако-земля;"2022-03-05 14:31:53";920679000;43.0692;40.5271;-5949;0;6
Облако-облако;"2022-03-05 14:31:54";348369215;43.34693;41.16546;-3414;15915;5
Облако-облако;"2022-03-05 14:33:34";918409846;42.92804;40.59376;7593;9465;11
Облако-земля;"2022-03-05 14:33:34";910013000;42.8994;40.4992;-105320;0;11
Облако-облако;"2022-03-05 14:35:40";715103740;42.98586;40.76676;7086;12605;9
Облако-облако;"2022-03-05 14:35:40";745115289;42.86337;40.48217;3392;18443;7
Облако-земля;"2022-03-05 14:35:40";729540000;43.0141;40.4595;-15987;0;6
Облако-земля;"2022-03-05 14:37:14";766326630;43.26015;40.97043;-3931;0;5
Облако-земля;"2022-03-05 14:37:14";530055915;42.9912;40.55297;-32676;0;14
Облако-земля;"2022-03-05 14:37:14";186536390;42.90939;40.60346;-10437;0;10
Облако-земля;"2022-03-05 14:37:14";548448000;43.0072;40.4864;-14289;0;6
Облако-земля;"2022-03-05 14:37:14";173315000;42.9211;40.4452;38915;0;7
Облако-облако;"2022-03-05 14:38:18";90065298;42.9001;40.56274;10673;12037;7
Облако-облако;"2022-03-05 14:38:18";91577093;42.83495;40.47253;-12413;15704;9
Облако-облако;"2022-03-05 14:40:39";921206846;42.89008;40.53029;26631;13920;7
Облако-земля;"2022-03-05 14:40:39";934386000;42.9469;40.5162;-9659;0;5
Облако-земля;"2022-03-05 14:40:39";943333000;42.8748999;40.4738;-14787;0;8
Облако-земля;"2022-03-05 14:40:40";41008000;43.0459;40.5092;28966;0;11
Облако-облако;"2022-03-05 14:42:26";212208834;42.87891;40.48379;7604;18477;8
Облако-облако;"2022-03-05 14:42:26";106193148;42.94356;40.80224;-10898;19060;7
Облако-земля;"2022-03-05 14:45:27";905826149;43.00193;40.7369;-32133;0;12
Облако-облако;"2022-03-05 14:45:28";154611808;42.89475;40.4608;-3158;14985;5
Облако-земля;"2022-03-05 14:47:33";177624494;42.95187;40.63801;-13288;0;11
Облако-земля;"2022-03-05 14:47:33";199060569;42.87886;40.44106;-12357;0;5
Облако-земля;"2022-03-05 14:47:33";186414246;42.95837;40.64807;-8103;0;6
Облако-облако;"2022-03-05 14:51:16";65465811;42.82567;40.5497;-18924;18083;12
Облако-земля;"2022-03-05 14:51:16";180228000;42.7761;40.502;-9867;0;8
Облако-земля;"2022-03-05 15:00:28";528483665;42.82251;40.61256;-8318;0;9
Облако-земля;"2022-03-05 15:00:28";788149000;43.0295;40.5877;-24467;0;9
Облако-земля;"2022-03-05 15:00:28";534406000;42.8259;40.4978;91929;0;7
Облако-земля;"2022-03-05 15:00:28";602531000;42.8605;40.6225;-11090;0;8
Облако-земля;"2022-03-05 15:05:26";892661658;42.82029;40.5506699;-38964;0;16
Облако-облако;"2022-03-05 15:07:34";780473893;42.95922;40.79978;5174;14165;8
Облако-облако;"2022-03-05 15:07:34";772679177;42.89115;40.63967;14284;18744;6
Облако-облако;"2022-03-05 15:07:34";787473984;43.02525;40.8853;7732;13484;8
Облако-земля;"2022-03-05 15:07:34";831491000;42.9463;40.7198;-13005;0;6
Облако-земля;"2022-03-05 15:07:34";723752000;43.0071;40.7555;41980;0;9
Облако-земля;"2022-03-05 15:07:34";604070000;42.9076;40.5537;-33070;0;8
Облако-облако;"2022-03-05 15:10:28";444619358;42.68882;40.23758;11634;12934;5
Облако-облако;"2022-03-05 15:10:28";470187662;43.01095;40.99448;6027;14118;7
Облако-земля;"2022-03-05 15:10:28";523771000;42.8213;40.556;27530;0;9
Облако-облако;"2022-03-05 15:12:59";365658660;42.80788;40.53421;-24390;11565;5
Облако-земля;"2022-03-05 15:23:32";154153000;44.3529;39.1555;-16332;0;6
Облако-земля;"2022-03-05 15:35:55";883758376;42.79745;40.68175;-84336;0;6
Облако-облако;"2022-03-05 15:35:55";875872464;42.84897;40.787;-15088;17675;7
Облако-земля;"2022-03-05 15:35:55";909462000;42.8738;40.7973;26893;0;7
Облако-земля;"2022-03-05 15:35:55";869552000;42.8767;40.6868;16944;0;5
Облако-облако;"2022-03-05 15:35:56";114957693;42.93929;40.92788;-3595;19067;6
Облако-земля;"2022-03-05 16:47:41";794376000;43.3859;39.6335;276886;0;6
Облако-облако;"2022-03-05 16:52:12";135617000;43.34278;39.81742;-21899;17493;8
Облако-земля;"2022-03-05 16:52:12";202785000;43.1915;39.6603;-14729;0;11
Облако-земля;"2022-03-05 16:52:12";149255000;43.3655;39.6914;-73846;0;8
Облако-земля;"2022-03-05 16:52:12";134506000;43.3733999;39.7251;25174;0;5
Облако-облако;"2022-03-05 16:53:08";958052453;43.33773;39.77834;23665;12199;6
Облако-облако;"2022-03-05 17:02:33";507808925;43.20765;39.84774;8587;14559;6
Облако-земля;"2022-03-05 17:02:33";499447000;43.3356;39.4065;-198028;0;5
Облако-облако;"2022-03-05 17:05:00";62469076;43.20032;39.8377;13648;11318;13
Облако-земля;"2022-03-05 17:05:00";27549612;43.36662;39.7909999;-112939;0;13
Облако-земля;"2022-03-05 17:06:09";20048000;43.4332;39.8386;23080;0;11
Облако-облако;"2022-03-05 17:07:54";554537960;43.47108;39.97875;18198;10257;5
Облако-земля;"2022-03-05 17:07:58";177454936;43.20273;39.92908;-10894;0;9
Облако-земля;"2022-03-05 17:07:58";123283000;43.3966;39.7984;-96078;0;5
Облако-земля;"2022-03-05 17:07:58";180216000;43.5454;39.8267;-11084;0;5
Облако-земля;"2022-03-05 17:11:01";979972000;43.1322;39.7725;-2511;0;7
Облако-земля;"2022-03-05 17:11:01";864866000;43.2817;39.8422;-2117;0;7
Облако-облако;"2022-03-05 17:27:41";754956065;43.13251;39.81899;6218;11596;5
Облако-земля;"2022-03-05 17:27:41";648164000;43.2635999;39.6247;-19238;0;5
Облако-земля;"2022-03-05 17:27:41";643887000;43.1465;39.7908;-169173;0;7
Облако-облако;"2022-03-05 17:28:37";36961754;43.05865;39.86844;8266;18728;10
Облако-земля;"2022-03-05 17:33:30";603992000;44.0245;39.3782;-2298;0;5
Облако-земля;"2022-03-05 17:33:30";576941000;44.0016;39.393;-24170;0;7
Облако-облако;"2022-03-05 17:39:34";170296112;43.98547;39.41911;22225;8051;10
Облако-земля;"2022-03-05 17:39:34";104995000;43.9566;39.4127;-293438;0;5
Облако-земля;"2022-03-05 20:12:28";613842000;43.8386;39.5998;-271133;0;15
Облако-земля;"2022-03-05 21:17:52";72267304;42.69711;40.80734;-22299;0;12
Облако-облако;"2022-03-05 21:20:08";331672982;42.73814;40.9292;10499;10177;6
Облако-земля;"2022-03-05 21:20:08";396316000;42.7859;40.7964;-21160;0;6
Облако-земля;"2022-03-06 01:47:38";727533000;43.3402;39.8028;336029;0;11
Облако-облако;"2022-03-06 02:33:31";865629709;43.3425;40.19025;-7839;16288;7
Облако-земля;"2022-03-06 05:53:35";371814000;42.6396;41.1871;26115;0;7
Облако-земля;"2022-03-14 15:56:30";586340000;41.213;39.2199;75342;0;5
Облако-земля;"2022-03-15 23:01:31";457635500;43.57833;38.39659;-8778;0;12
Облако-земля;"2022-03-15 23:01:31";401086000;43.5912999;38.3643;-2257;0;9
Облако-земля;"2022-03-15 23:01:31";28814000;43.8042;38.1325999;-137693;0;6
Облако-земля;"2022-03-15 23:03:14";903274000;43.6504;38.0578;-53596;0;6
Облако-облако;"2022-03-15 23:03:14";672730267;43.5496;38.40126;28140;7789;16
Облако-земля;"2022-03-15 23:03:15";56678000;43.7283;38.5405;-25534;0;9
Облако-облако;"2022-03-15 23:04:43";617696869;43.47223;38.36888;5867;19267;6
Облако-облако;"2022-03-16 00:52:31";283964193;43.9525999;39.01533;8105;16097;9
Облако-земля;"2022-03-16 00:52:31";344224000;44.0041;38.8728;-13901;0;6
Облако-земля;"2022-03-16 00:52:31";370038000;43.8668;38.957;19059;0;7
Облако-земля;"2022-03-16 03:14:56";966692000;43.5844;39.4082999;16342;0;7
Облако-облако;"2022-03-16 05:51:58";876912317;41.18109;39.3864;12104;19777;11
Облако-земля;"2022-03-16 05:51:58";887402000;41.3063999;39.223;28012;0;7
Облако-земля;"2022-03-16 05:51:59";112597000;41.1992;39.3646;-9287;0;6
Облако-земля;"2022-03-16 05:55:32";662819000;41.2383;39.4415;-5042;0;7
Облако-земля;"2022-03-16 06:04:24";80752000;43.154;39.9485;-17491;0;9
Облако-земля;"2022-03-16 06:04:24";114300000;43.155;39.9027;-13775;0;9
Облако-земля;"2022-03-16 08:54:54";810082000;42.6950999;40.9216;-4767;0;5
Облако-земля;"2022-03-16 08:54:54";788057000;42.6801;40.8986;16866;0;6
Облако-земля;"2022-03-16 08:54:54";723154000;42.7365;40.8357;269017;0;12
Облако-облако;"2022-03-16 08:59:36";52089273;42.73797;41.03878;-16234;13135;8
Облако-земля;"2022-03-16 12:07:06";916261000;42.1965999;41.3518;-9193;0;5
Облако-земля;"2022-03-16 12:08:11";929005000;42.2917;41.3975;-9256;0;5
Облако-облако;"2022-03-16 12:09:42";755817095;42.3055499;41.40463;16532;18548;9
Облако-облако;"2022-03-16 12:21:23";983279667;42.39389;41.76413;7824;13885;10
Облако-земля;"2022-03-16 13:14:10";67184540;42.3309799;42.19111;-17808;0;9
Облако-земля;"2022-03-16 13:14:10";1786140;42.28879;41.96115;-6527;0;11
Облако-земля;"2022-03-16 13:14:10";51333000;42.2786;41.9353;-11718;0;10
Облако-земля;"2022-03-16 13:17:20";706309546;42.27337;42.03407;-17522;0;14
Облако-земля;"2022-03-16 13:17:20";826438000;42.274;41.9266999;18170;0;5
Облако-земля;"2022-03-16 13:57:32";876740000;42.249;42.7002;-12085;0;7
Облако-земля;"2022-03-16 13:57:32";297782000;42.2284;42.6697;-93982;0;5
Облако-облако;"2022-03-17 22:22:23";566968493;43.44248;39.93409;-9676;8592;12
Облако-облако;"2022-03-18 05:11:08";851387223;43.46165;39.83917;11484;10993;8
Облако-земля;"2022-03-18 05:11:08";815856000;43.3974;39.7062;-38368;0;8
Облако-земля;"2022-03-18 05:11:08";834416000;43.3768;39.6912;-15004;0;8
Облако-земля;"2022-03-18 21:31:47";789702509;43.5349999;36.4058;-22376;0;7
Облако-земля;"2022-03-18 21:31:47";778372696;43.4447;36.35973;-82069;0;11
Облако-облако;"2022-03-18 21:31:48";16637382;43.48539;36.5874;7267;15386;5
Облако-земля;"2022-03-26 06:11:21";235775000;41.4733;41.4004;-222525;0;10
Облако-земля;"2022-03-27 11:30:19";446736000;45.4377;40.217;-8811;0;6
Облако-земля;"2022-03-27 11:30:19";392974000;45.4570999;40.1837;-5006;0;6
Облако-земля;"2022-03-27 11:30:20";15105000;45.4629;40.5783;52473;0;5
Облако-земля;"2022-03-27 11:58:06";38258000;45.4281;41.3603;37874;0;7
Облако-земля;"2022-03-27 12:51:05";237444000;44.9759;40.1348;-7003;0;7
Облако-земля;"2022-03-27 12:51:05";83295000;44.9494;40.2049;-9380;0;6
Облако-земля;"2022-03-27 12:52:43";776000;44.6159;38.3467;-7451;0;8
Облако-земля;"2022-03-27 13:24:47";911918000;44.9462;39.643;26366;0;7
Облако-земля;"2022-03-27 14:02:00";478076467;44.78408;39.39304;29090;0;15
Облако-земля;"2022-03-27 14:02:00";530513924;44.85395;39.54589;-8871;0;10
Облако-земля;"2022-03-27 14:02:00";430639000;44.7864;39.5132;-13251;0;7
Облако-земля;"2022-03-27 14:02:00";386322000;44.8278;39.5296;26445;0;9
Облако-земля;"2022-03-27 15:04:48";834362000;44.6747;39.313;24522;0;6
Облако-земля;"2022-03-27 15:04:48";520725000;44.6515;39.1574;63491;0;7
Облако-земля;"2022-03-27 15:11:41";706927000;46.5028;43.8605;-8500;0;8
Облако-земля;"2022-03-27 15:15:31";900463000;46.4778;44.0183;-6205;0;7
Облако-земля;"2022-03-27 17:23:50";142620000;44.269;38.8412999;-7628;0;5
Облако-облако;"2022-03-27 17:32:14";503042448;44.01447;39.15017;6473;18011;6
Облако-земля;"2022-03-27 17:33:27";696282000;44.1063;39.1379;-7767;0;6
Облако-облако;"2022-03-27 17:37:15";712435060;43.94723;39.03371;10498;15213;6
Облако-облако;"2022-03-27 17:38:21";217916570;43.98923;39.11845;9110;16918;11
Облако-земля;"2022-03-27 17:39:07";231993000;44.2149;39.0328;-16668;0;6
Облако-облако;"2022-03-27 17:40:17";369139028;43.9624499;39.13724;-18611;14154;8
Облако-земля;"2022-03-27 17:40:50";656133600;44.0259;39.22056;-17587;0;11
Облако-земля;"2022-03-27 17:40:50";902603000;44.1308;39.2212;-9633;0;5
Облако-облако;"2022-03-27 17:41:24";240795885;43.90444;38.9131;-3493;18473;5
Облако-земля;"2022-03-27 17:41:24";193508000;44.2155;39.1201999;-9344;0;6
Облако-облако;"2022-03-27 17:41:39";209444956;44.1795199;39.37465;9674;19127;7
Облако-земля;"2022-03-27 17:42:31";731459000;43.9768;39.209;-8045;0;7
Облако-земля;"2022-03-27 17:43:56";143933000;44.0057;39.121;-9809;0;5
Облако-земля;"2022-03-27 17:44:35";642812000;44.1017;39.2912;-14597;0;5
Облако-облако;"2022-03-27 17:45:01";268304485;44.00909;39.15892;-7719;9095;9
Облако-земля;"2022-03-27 17:45:43";519658337;44.0218;39.2691299;-6602;0;6
Облако-облако;"2022-03-27 17:46:53";111287972;44.00669;39.12761;7959;19829;5
Облако-земля;"2022-03-27 17:46:58";583358739;44.05071;39.17833;-23891;0;16
Облако-земля;"2022-03-27 17:51:21";159752000;44.0026;39.1304;18533;0;6
Облако-земля;"2022-03-27 17:52:36";348947000;44.0814;39.2274;19040;0;6
Облако-облако;"2022-03-27 17:54:45";557190333;43.90482;39.14088;8289;17217;9
Облако-облако;"2022-03-27 17:55:31";436259584;43.94475;39.18501;10777;19262;9
Облако-земля;"2022-03-27 17:56:58";746763452;43.89697;39.09104;-20110;0;10
Облако-земля;"2022-03-27 17:58:11";569165868;43.98524;39.25955;-10316;0;20
Облако-облако;"2022-03-27 17:59:12";575511873;43.91564;39.17517;9687;14144;13
Облако-облако;"2022-03-27 18:00:54";900571460;43.83987;39.05982;4527;8891;7
Облако-облако;"2022-03-27 18:02:33";330287811;44.08906;38.94187;-4255;14731;6
Облако-облако;"2022-03-27 18:06:44";188098112;43.98431;39.24353;6873;18035;7
Облако-земля;"2022-03-27 18:06:44";442775000;43.9285;39.1212;-41834;0;6
Облако-облако;"2022-03-27 18:08:08";789991472;43.8816599;39.21359;11047;14053;12
Облако-облако;"2022-03-27 18:13:35";660448306;43.90154;39.20892;9840;17686;10
Облако-облако;"2022-03-27 18:15:45";748822099;43.93954;39.23334;6212;14826;8
Облако-земля;"2022-03-27 18:15:45";934865000;44.0326;39.2025;-13060;0;8
Облако-облако;"2022-03-27 18:27:18";871443690;43.69536;39.21552;8465;13058;6
Облако-земля;"2022-03-27 18:27:18";798428000;43.9575;39.195;-234006;0;10
Облако-облако;"2022-03-27 18:27:19";143637964;44.02415;39.26417;-7143;12207;8
Облако-земля;"2022-03-27 18:41:35";461020000;43.7203;39.1411;-27488;0;8
Облако-облако;"2022-03-27 18:44:47";619723656;43.71973;39.11898;-13099;12671;11
Облако-облако;"2022-03-27 18:45:59";169043364;43.72696;39.17616;-10203;13686;7
Облако-облако;"2022-03-27 18:48:18";617982371;43.73792;39.19889;-12911;14479;8
Облако-земля;"2022-03-27 18:49:24";32885000;43.8471;39.2165;25022;0;6
Облако-облако;"2022-03-27 18:51:15";139254753;43.72458;39.19948;5279;14712;5
Облако-облако;"2022-03-27 18:52:12";330730211;43.72694;39.22102;6173;16410;6
Облако-облако;"2022-03-27 18:53:07";316929269;43.75746;39.29508;9715;10453;11
Облако-земля;"2022-03-27 18:53:07";288254000;43.7633;39.208;24969;0;5
Облако-облако;"2022-03-27 18:55:10";717177649;43.75533;39.28989;23948;18489;11
Облако-земля;"2022-03-27 18:55:11";50946000;43.637;39.1566;17235;0;5
Облако-облако;"2022-03-27 18:58:12";743504043;43.73784;39.22366;-4321;13705;9
Облако-земля;"2022-03-27 18:58:12";805445000;43.7279;39.2112;24942;0;7
Облако-земля;"2022-03-27 18:58:12";847473000;43.7744;39.1659;-36275;0;5
Облако-земля;"2022-03-27 18:58:12";832961000;43.7974;39.1917;48628;0;5
Облако-земля;"2022-03-27 18:58:13";116656659;43.8462;39.3542599;-24036;0;13
Облако-облако;"2022-03-27 18:59:20";916789950;43.71794;39.3168099;7729;17071;10
Облако-земля;"2022-03-27 19:02:56";391268999;43.70998;39.26517;-6683;0;10
Облако-облако;"2022-03-27 19:03:54";262944976;43.65442;39.23267;8959;18914;7
Облако-облако;"2022-03-27 19:04:54";555778883;43.72737;39.26949;-14758;17653;8
Облако-земля;"2022-03-27 19:08:29";672744473;43.66783;39.28382;-38104;0;19
Облако-облако;"2022-03-27 19:12:04";951251863;43.64467;39.28131;8974;15987;9
Облако-облако;"2022-03-27 19:14:38";873141956;43.69476;39.29565;3107;19987;7
Облако-земля;"2022-03-27 19:26:31";513023000;43.6283;39.3444;-38778;0;7
Облако-земля;"2022-03-28 00:18:39";692522000;41.6991;41.9136;-8619;0;5
Облако-земля;"2022-03-28 00:18:40";545156000;41.7614;42.1509;-22153;0;6
Облако-земля;"2022-03-28 00:46:05";715560000;41.3326;41.6674999;-10263;0;9
Облако-земля;"2022-03-28 01:59:39";837639000;42.2633;42.844;-10052;0;7
Облако-облако;"2022-03-28 02:03:44";980285819;42.26564;42.9496899;-10694;14859;11
Облако-земля;"2022-03-28 02:03:44";904351000;42.3105;42.8731;-65618;0;8
Облако-облако;"2022-03-28 02:07:11";507899348;42.26264;43.00748;-4347;18667;6
Облако-земля;"2022-03-28 03:27:57";921983000;41.9953;42.0086;-7589;0;7
Облако-земля;"2022-03-28 04:20:27";355592000;41.6511;41.7821;-8638;0;5
Облако-земля;"2022-03-28 04:20:27";708920000;41.7237;41.7083;-17803;0;6
Облако-облако;"2022-03-28 04:22:52";284949262;41.71651;41.8667;6292;14964;10
Облако-облако;"2022-03-28 04:26:09";723913796;41.68475;41.74454;-3751;18023;8
Облако-земля;"2022-03-28 04:26:09";744353000;41.9747;41.8207;-8578;0;7
